Test Number,Matrix,Size,Density,Condition Number,IEEE 64,IEEE 32,BFloat16,64A BFloat16,64A IEEE 32 IC,RCM IEEE 64,RCM IEEE 32,RCM BFloat16,RCM 64A BFloat16,RCM 64A IEEE 32 IC, 
1,494_bus.mtx,494,0.296519,3.89055e+06,18,18,8000,72,18,8000,8000,8000,8000,8000, 
|
IEEE 64,0.225013,77.4149,83.2726,77.23,89.2733,81.7624,82.0294,77.2409,82.6355,77.3559,82.9419,34.0499,34.7999,34.5132,33.8775,33.7349,45.671,84.0294,33.877,45.7278,45.7278,96.4801,96.4545,83.3481,83.22,76.2562,68.4492,68.4469,84.9761,84.4322,84.248,79.8038,82.2297,82.2458,83.0621,83.3973,83.6457,63.2659,62.5005,67.7713,91.4022,91.9246,90.1237,83.86,92.1104,1.44505,90.8052,77.089,82.6606,82.9725,92.4359,82.3902,77.1075,85.3216,83.0957,75.6655,47.8269,75.7191,75.3991,76.2091,87.0385,76.9385,82.9832,84.4752,83.5641,83.5819,75.6759,77.3406,75.7787,75.721,75.1901,77.7262,77.4336,75.2345,75.2345,75.2271,95.1132,95.2357,80.9911,82.1113,96.7306,92.23,77.8736,52.4572,74.2058,74.3957,75.023,74.3096,83.1401,75.164,75.3101,76.0841,75.3359,75.3358,76.0037,76.1304,82.9044,81.6939,76.209,77.2984,82.855,82.8166,77.0668,71.5807,71.7927,3.99653,55.9488,70.9202,96.3575,97.2263,96.7173,96.2553,71.2456,86.4603,89.1483,74.245,74.2203,74.6601,74.1421,77.1327,95.8058,95.1392,95.7468,75.0322,4.59843,4.29493,76.6472,76.7345,76.6976,75.2627,75.2627,75.2545,75.1435,75.3326,96.5238,75.1942,75.1946,82.2772,83.0109,96.4795,75.2001,75.1274,75.3142,75.2695,75.2691,76.8682,82.9372,84.8125,79.6121,80.4523,96.2898,96.2932,95.1063,96.4956,96.3975,82.3463,82.3468,77.2519,76.7439,76.7332,88.0863,84.8865,63.2204,68.7404,82.4112,78.9829,68.6199,85.1482,85.1332,83.3913,91.9949,91.9819,68.407,89.8764,90.0927,80.576,76.7279,82.6147,96.0582,80.6832,80.6149,84.3065,76.9556,77.2568,77.0539,83.7785,95.1479,80.0055,88.3167,82.4467,71.0145,71.3895,71.4875,71.4776,71.0977,71.0706,96.6714,80.8291,82.3112,55.2492,80.9513,70.5167,95.1633,77.107,77.1143,77.2807,76.9892,77.2433,77.4025,96.8738,96.7601,78.2086,78.5881,79.4187,80.7569,78.5989,78.4269,78.6865,79.1756,77.3122,81.322,82.9886,65.3021,76.1205,76.5234,76.5434,91.7968,91.7312,83.7191,83.6917,73.9001,80.4619,80.5883,80.5454,80.2301,76.758,76.1193,83.0252,82.1844,82.8779,96.5485,76.3685,94.1445,94.1813,76.3231,62.1047,72.4322,76.9479,77.3618,77.3619,77.3619,82.8665,2.77708,4.46212,3.92713,3.77712,72.1575,76.4376,76.4487,76.4487,76.4489,83.671,71.5241,94.5599,95.1093,72.2487,37.2364,83.2207,83.0737,75.7732,77.0834,77.2574,77.3325,77.3322,67.1946,83.8058,77.5539,76.8177,76.8293,55.0411,54.8584,76.6466,77.1013,91.7864,89.2094,84.1593,92.1735,91.8437,88.6978,88.6978,88.9428,88.9428,83.2382,83.1456,79.0101,95.9927,95.3088,95.9965,96.4917,76.1653,77.1275,77.1303,77.2168,77.1302,77.2167,77.1133,85.0682,75.9678,92.7658,77.1058,76.9267,77.1599,77.1599,77.1599,83.7173,84.5409,77.0854,77.0854,77.0854,76.6535,79.0221,81.513,81.1813,83.4532,83.3982,83.0412,91.7287,91.4067,96.7212,83.5845,83.3665,86.8185,72.9314,50.0297,85.9435,71.6999,71.1149,84.1912,76.8965,82.2322,79.0065,77.1731,70.9833,85.3343,70.5335,73.901,74.4733,70.8097,74.1634,70.6166,73.983,71.971,73.4579,90.6272,82.6289,4.01393,77.005,77.1951,77.1409,77.3175,77.132,77.3186,83.0684,82.3347,76.8619,82.4375,81.5826,76.1237,76.1829,76.1967,75.9065,75.924,75.8269,71.4115,69.446,80.6564,75.6239,71.3622,70.0028,70.5126,69.7654,70.7248,70.1219,70.7167,4.00873,74.9501,77.054,76.8654,77.4717,81.2469,77.2804,75.519,82.1175,83.7292,73.9289,96.7308,81.1453,64.1713,76.7984,84.5646,79.8566,72.737,73.4553,75.6123,85.814,85.5779,55.2314,71.5314,92.6995,87.6338,83.054,83.0223,91.7956,69.6272,69.7472,70.6252,69.1634,87.4371,83.2399,91.2884,81.2983,82.5376,78.6692,91.4063,76.2893,81.7891,71.9408,84.1673,76.9933,75.7997,76.6829,77.4071,82.0309,85.0231,81.1833,82.7709,84.4683,76.8148,81.9588,79.9311,84.4039,84.275,84.4998,79.3413,78.6563,79.0056,78.9845,79.0619,77.4676,79.0618,77.6186,77.6206,77.6206,78.9664,79.3721,95.3614,96.6816,95.3615,96.7896,97.1216,97.1216,96.9461,96.9387,80.304,96.7373,76.4686,76.5054,71.7008,74.1728,69.5488,70.2853,71.3407,74.8002,74.8297,74.8338,74.8227,74.8227,73.9796,76.8724,76.4683,76.5118,76.5164,76.5111,76.5307,76.5307,76.5205,75.1716,77.2386,77.3394,77.294,77.3876,77.3125,77.1833,77.1829,
IEEE 32,0.225027,77.4198,83.2779,77.235,89.2783,81.7676,82.0343,77.2459,82.6404,77.3607,82.9468,34.052,34.802,34.5153,33.8796,33.737,45.6739,84.0343,33.8791,45.7307,45.7307,96.4846,96.459,83.353,83.2249,76.2613,68.4528,68.4504,84.9809,84.4375,84.2533,79.8087,82.2346,82.2507,83.067,83.4018,83.6504,63.27,62.5046,67.7757,91.4058,91.9282,90.1283,83.8648,92.115,1.44506,90.8094,77.0939,82.6659,82.9777,92.4405,82.3954,77.1124,85.3265,83.1006,75.6705,47.8296,75.7241,75.4041,76.2141,87.0433,76.9436,82.9881,84.4801,83.569,83.5868,75.6809,77.3455,75.7837,75.726,75.195,77.7311,77.4385,75.2395,75.2395,75.232,95.1179,95.2404,80.996,82.1161,96.7351,92.2346,77.8784,52.46,74.2105,74.4004,75.0277,74.3143,83.145,75.1687,75.3148,76.0888,75.3407,75.3406,76.0085,76.1352,82.9093,81.6994,76.2142,77.3034,82.8598,82.8214,77.0718,71.5855,71.7976,3.99653,55.9524,70.9249,96.3621,97.2309,96.7219,96.2599,71.2503,86.4653,89.1533,74.2498,74.2251,74.665,74.147,77.1377,95.8105,95.1439,95.7515,75.0372,4.59844,4.29494,76.6522,76.7395,76.7026,75.2676,75.2676,75.2594,75.1484,75.3376,96.5282,75.1991,75.1995,82.2821,83.0157,96.4839,75.205,75.1323,75.3192,75.2744,75.274,76.8703,82.942,84.8172,79.6172,80.4575,96.2942,96.2976,95.1109,96.5001,96.4019,82.352,82.3525,77.2568,76.7463,76.7369,88.0911,84.8914,63.2246,68.745,82.416,78.9877,68.6244,85.1536,85.1386,83.3958,91.9986,91.9856,68.4105,89.881,90.0973,80.5809,76.7329,82.6196,96.0628,80.6882,80.6199,84.3119,76.9568,77.258,77.0551,83.7839,95.1525,80.0105,88.3215,82.4515,71.0193,71.3943,71.4923,71.4824,71.1025,71.0753,96.6758,80.8341,82.3161,55.2527,80.9563,70.5203,95.1681,77.1118,77.119,77.2855,76.994,77.248,77.4073,96.8783,96.7646,78.2135,78.593,79.4237,80.7618,78.6039,78.4319,78.6915,79.1805,77.3172,81.3269,82.9935,65.3065,76.1257,76.5284,76.5484,91.8019,91.7363,83.7238,83.6964,73.9049,80.4669,80.5933,80.5504,80.2351,76.7624,76.1229,83.0304,82.1893,82.8828,96.553,76.3738,94.1491,94.1859,76.3263,62.1087,72.4359,76.9479,77.3523,77.3524,77.3524,82.8713,2.77709,4.46213,3.92713,3.77712,72.1624,76.4429,76.4539,76.454,76.4541,83.6758,71.529,94.5646,95.114,72.2536,37.2389,83.2255,83.0785,75.777,77.0883,77.2622,77.3373,77.3371,67.199,83.8106,77.5588,76.8227,76.8343,55.0446,54.862,76.6516,77.1061,91.791,89.214,84.1641,92.1781,91.8483,88.7024,88.7024,88.9474,88.9474,83.2433,83.1507,79.0162,95.9974,95.3135,96.0012,96.4964,76.1688,77.1324,77.1352,77.2217,77.1352,77.2217,77.1182,85.073,75.9715,92.7704,77.1107,76.9316,77.1648,77.1648,77.1648,83.722,84.5457,77.0904,77.0904,77.0904,76.6584,79.0269,81.5178,81.1862,83.4576,83.4026,83.046,91.7323,91.4102,96.7257,83.5897,83.3717,86.8233,72.935,50.033,85.9483,71.7047,71.1197,84.196,76.8986,82.2371,79.0114,77.1752,70.9881,85.3397,70.5383,73.9059,74.4783,70.8145,74.1683,70.6214,73.9879,71.9758,73.4629,90.6323,82.6337,4.01393,77.0095,77.1995,77.1453,77.3219,77.1365,77.323,83.0732,82.3396,76.867,82.4424,81.5875,76.1279,76.187,76.2009,75.9108,75.9278,75.8307,71.4163,69.4506,80.6613,75.6288,71.367,70.0074,70.5173,69.77,70.7296,70.1265,70.7215,4.00873,74.9549,77.0588,76.8678,77.4741,81.2518,77.2854,75.5227,82.1223,83.7339,73.9338,96.7353,81.1505,64.1756,76.8026,84.5699,79.8615,72.7419,73.4604,75.616,85.8189,85.5828,55.2351,71.5363,92.7041,87.6387,83.0589,83.0272,91.7992,69.6318,69.7518,70.6299,69.168,87.4419,83.2448,91.2935,81.3032,82.5425,78.674,91.4113,76.2945,81.794,71.9456,84.1721,76.9983,75.8047,76.688,77.4121,82.0361,85.0279,81.1882,82.7757,84.4731,76.8199,81.9637,79.936,84.4092,84.2803,84.5046,79.3462,78.6625,79.0125,78.9906,79.0697,77.4727,79.0696,77.6237,77.6257,77.6257,78.9724,79.3782,95.3662,96.6862,95.3663,96.7942,97.1262,97.1262,96.9507,96.9433,80.3089,96.7418,76.474,76.5108,71.7055,74.1777,69.5533,70.2899,71.3454,74.8051,74.8346,74.8387,74.8276,74.8276,73.9844,76.8774,76.4738,76.5172,76.5218,76.5165,76.5361,76.5361,76.5259,75.1765,77.2435,77.3443,77.2989,77.3925,77.3174,77.1882,77.1878,
BFloat16,0.065918,-9.375,18,-9.5,38,32.5,34.5,4,46.25,-21.125,93.5,5.09375,9.875,9.5625,3.5625,3,1.69531,39,3.78125,2.54688,2.54688,35.25,35.5,48,48,9.8125,-20.25,-20.25,66,18.125,16.125,11,98.5,98,79.5,66,34.75,1,1,1,34.25,55.25,2,-9.25,-18.875,11.5,17.75,-21.25,39.25,50.25,3.9375,17.375,-18.5,39.5,40,5.34375,2,1.23438,1,6,48.75,17.75,49.5,67.5,66.5,66.5,2,10.3125,2,2,2,3.10938,10.0625,2,2,2,-43.75,-43.25,49.25,38.25,38.25,4,22.75,-8.9375,-9.8125,-9.5625,-9.9375,-9.8125,46.5,2,2,3.65625,2,2,2.20312,2,46,-9.125,9.875,-9.8125,4,4,-21.125,2,2,48.75,2.92188,2,-40.75,-40,-40,-40.75,2,33.25,38,1.59375,1.61719,1,2,-9.5,-40.5,-41,-40.5,2.70312,45.5,53,10.1875,18,10.8125,1,1,1,1,2,35.5,1,1,-19.625,38,35.5,1,1,2,1,1,-43.5,35.75,36.25,2,0.5,30,30,-17,25.375,34,-17.125,-19,-9.5,-87,-37.25,46.5,38.75,2.375,4.34375,35.5,43.75,4.15625,55.5,55.5,66,55.25,55.25,-21.125,2,2,13.1875,11.5625,-17,-40,-19.25,-19.5,12.8125,-181,-181,-181,19,-43.75,20.75,100.5,49,2,2,2,2,2,2,45.5,32.5,-20.75,5.09375,34.5,-19.75,-40.5,-20.25,-20.25,-20.75,-23.5,-19.75,-20.625,38.25,67,2.35938,3.54688,24.625,6.59375,-20,-20,-19.875,-21,-9.8125,21.125,75,1,6.1875,10,10.625,67,67,93.5,93.5,1.03125,-17.375,-17.375,-17.375,-17.5,-20.5,8,50.25,98,39.25,44,-32.5,21.5,21.5,-18.125,2.59375,-20.25,-260,-740,-740,-740,38.75,33,49.75,49.75,44.25,2,8,8,8,8,35.25,2,-36.5,-41,2,0.800781,50,46.25,-17.5,-22.75,-21.875,-21.875,-21.875,2,69,-23.5,-9.5,4,3.03125,1.64844,10.875,-20.25,4,2,-9.25,4.78125,3.92188,2,2,2,2,55,53.75,24.75,-35,-35.5,-35.25,-40,8,-9.8125,-9.3125,-9.5,-9.3125,-9.3125,-9.5,55.25,-20.5,4,-9.5,-9.5,-9.0625,-9.0625,-9.0625,93.5,66.5,-9.6875,-9.6875,-9.6875,-10,18.375,92.5,89,67,67,46.5,38.75,35.5,45.75,46,50.25,47.5,8,2.51562,55,2,2,67.5,-40.5,-19.75,44.75,-33.5,2,55.5,2,1.53125,1,1,1,2,1,2,-9.75,41.5,38,48.75,-20.375,-20.125,-20.25,-20.125,-20.25,-20.125,35.75,-20.125,16.625,35.5,24,-20.75,-20.5,-20.75,-20.25,-17.5,8,2,1,20.125,1,2,2,2,1.75781,-8.125,1.77344,-8.125,48.75,2,16.375,-37,-34.25,9.4375,4,-33.25,34.75,65,1,39.25,9.8125,1,-20.5,65.5,25.375,-9,-10.6875,-32.5,42.25,39.5,1,2,3.95312,43.75,94.5,94.5,38.75,1.1875,1.98438,2,2,44.75,47.75,40.5,37.75,45.5,35.25,45.5,9.1875,35,2,39.25,4,4,-20.125,-9.5,48.75,44.25,89,87,36,16.625,4.125,2,65.5,46.25,33.75,7.46875,23,47,32.25,38,-9.3125,38,-19.5,-20,-20,33,34.5,16,67,16,67,68,68,67,68,9.625,38.25,-46.5,-43.5,6.1875,3.26562,5.9375,6.15625,6.03125,1,1,1,1,1,4.5,1,-41.25,-43.5,-41.25,-41.25,-45.5,-45.5,-43.5,25.125,1.38281,2.125,1.78906,2.5,1.60938,1.0625,1.03906,
64A BFloat16,0.224609,77.5,82.5,77,88,80.5,81,77,83,77.5,82.5,34.25,34.75,34.75,33.75,33.5,45.5,84.5,33.75,45.5,45.5,96.5,96.5,83,83,76.5,68,68,85,84,83,79.5,81.5,82,83,83,83,63.25,62.25,67.5,91.5,92,90,84,91.5,1.45312,90.5,77,82.5,82.5,92,81.5,77.5,85,82.5,75.5,47.75,76,75.5,76,86.5,77.5,83,84.5,83.5,84,76,77,75.5,76,75.5,77.5,77,75.5,75.5,75,95.5,95.5,81.5,82,96.5,91.5,77.5,52,74,74,75,74.5,83,75,75.5,76,75.5,75.5,76,76,83,81,76,77,82.5,82.5,77,71,71,4.03125,55.75,70,96.5,97,97,96,71,86,88,74,74,74.5,73.5,77.5,96.5,95.5,96,75,4.65625,4.28125,77,76.5,76.5,75,75,75,75,75.5,96.5,75,75,82,83,96.5,75,75,75.5,75,75,76,82.5,84.5,79.5,80,97,97,95,96.5,96.5,81.5,81.5,77,76,76.5,88,85,62.5,68.5,82.5,78.5,68.5,84.5,84.5,83.5,92,92,68,90,89.5,80.5,76.5,82.5,96,80.5,80.5,83,77,76,76,82.5,95,80.5,87.5,82,70,71,71,71,70.5,70.5,97,80.5,82.5,55,80.5,70.5,96,77,76.5,77,77.5,77,78,96.5,96.5,78,78.5,79,81,78,78,78.5,79,77,81,83,65.5,76,77,76.5,91,91.5,83,84,73.5,80,80.5,80,79.5,76.5,76,82.5,81.5,83,96.5,76.5,93.5,93.5,76,61.5,72.5,76,77,77,77,82,2.78125,4.4375,3.96875,3.85938,72,76.5,76.5,76.5,76.5,83,71,94.5,95.5,72,37.25,82.5,82.5,75.5,77,77,77.5,77.5,67,83.5,77.5,77,77,54.75,54.75,76.5,77,91.5,89.5,84,92.5,91.5,89,89,89,89,82.5,82.5,79.5,95.5,95.5,96,96.5,76,77.5,77.5,77.5,77.5,77.5,77,85,75.5,92,77,76.5,77,77,77,83,84,77,77,77,76.5,79,81.5,81.5,83,83,83,91.5,91.5,96.5,82.5,82.5,86.5,73,50,86,71,71,84,76,82,79,76.5,70,84.5,70.5,73.5,74.5,70.5,74,70,73.5,72,73,90.5,82.5,4.03125,76.5,77,77,77,76.5,77,82,82.5,77.5,82,80.5,76,76,76,76,75.5,75.5,71,69,80.5,75.5,70.5,69.5,70,69.5,70,69.5,70,4,74.5,77,76,77,81,77.5,75.5,82,83.5,73.5,97,81,63.75,76.5,84,79.5,72,73,75.5,86,85,54.75,71,92,87.5,82.5,83.5,91.5,69,69,70,68.5,88,82,91,81.5,82.5,78.5,91,76,80.5,71,84,77.5,76,77,77.5,81,85,81.5,82.5,84,77,82,79.5,83.5,83.5,84.5,79,79,80,79.5,79.5,77.5,79.5,77.5,77.5,77.5,79.5,79.5,95.5,96.5,95.5,96.5,96.5,96.5,97,97,80,96.5,75.5,75.5,71.5,74,69.5,70,71,74.5,74.5,74.5,74.5,74.5,73.5,77,75.5,75.5,75.5,75.5,75.5,75.5,75.5,75,77,77,77,77,77,77,77,
64A IEEE 32 IC,0.225013,77.4149,83.2726,77.2301,89.2733,81.7624,82.0294,77.2409,82.6356,77.3559,82.9419,34.0499,34.7999,34.5132,33.8775,33.7349,45.671,84.0294,33.877,45.7278,45.7278,96.4801,96.4545,83.3482,83.2201,76.2562,68.4492,68.4469,84.9761,84.4322,84.248,79.8038,82.2297,82.2459,83.0621,83.3974,83.6457,63.2659,62.5005,67.7713,91.4022,91.9246,90.1237,83.86,92.1104,1.44505,90.8052,77.089,82.6606,82.9725,92.436,82.3902,77.1075,85.3216,83.0957,75.6655,47.8269,75.7191,75.3991,76.2091,87.0385,76.9385,82.9832,84.4752,83.5641,83.5819,75.6759,77.3406,75.7787,75.721,75.1901,77.7262,77.4336,75.2345,75.2345,75.2271,95.1133,95.2357,80.9911,82.1113,96.7306,92.23,77.8736,52.4572,74.2058,74.3957,75.023,74.3096,83.1401,75.164,75.3101,76.0841,75.3359,75.3358,76.0037,76.1304,82.9045,81.6939,76.209,77.2984,82.855,82.8166,77.0668,71.5807,71.7927,3.99653,55.9488,70.9202,96.3574,97.2263,96.7173,96.2553,71.2456,86.4603,89.1483,74.245,74.2203,74.6601,74.1421,77.1328,95.8059,95.1392,95.7468,75.0322,4.59843,4.29493,76.6472,76.7345,76.6976,75.2627,75.2627,75.2545,75.1435,75.3326,96.5238,75.1942,75.1945,82.2772,83.0109,96.4795,75.2001,75.1274,75.3142,75.2695,75.2691,76.8682,82.9372,84.8125,79.6121,80.4524,96.2898,96.2932,95.1063,96.4956,96.3975,82.3463,82.3468,77.2519,76.7439,76.7332,88.0863,84.8865,63.2204,68.7404,82.4112,78.9829,68.6199,85.1482,85.1332,83.3913,91.9949,91.9819,68.407,89.8764,90.0927,80.576,76.7279,82.6147,96.0582,80.6833,80.615,84.3065,76.9556,77.2569,77.0539,83.7786,95.1479,80.0056,88.3167,82.4467,71.0145,71.3895,71.4875,71.4777,71.0977,71.0706,96.6714,80.8292,82.3112,55.2492,80.9513,70.5167,95.1633,77.1071,77.1143,77.2807,76.9892,77.2433,77.4026,96.8738,96.7601,78.2086,78.5881,79.4188,80.7569,78.5989,78.4269,78.6865,79.1756,77.3122,81.322,82.9886,65.3021,76.1205,76.5234,76.5434,91.7968,91.7312,83.7191,83.6917,73.9001,80.462,80.5883,80.5454,80.2301,76.758,76.1193,83.0252,82.1844,82.8779,96.5485,76.3685,94.1445,94.1813,76.3231,62.1047,72.4322,76.9479,77.3618,77.3619,77.3619,82.8665,2.77709,4.46212,3.92713,3.77712,72.1575,76.4377,76.4487,76.4487,76.4489,83.671,71.5241,94.5599,95.1093,72.2487,37.2364,83.2207,83.0737,75.7732,77.0834,77.2574,77.3325,77.3322,67.1946,83.8058,77.5539,76.8177,76.8293,55.0411,54.8585,76.6466,77.1012,91.7864,89.2094,84.1593,92.1735,91.8437,88.6978,88.6978,88.9428,88.9428,83.2382,83.1457,79.0101,95.9928,95.3088,95.9965,96.4917,76.1653,77.1275,77.1303,77.2168,77.1302,77.2167,77.1133,85.0682,75.9678,92.7658,77.1058,76.9267,77.1599,77.1599,77.1599,83.7173,84.5409,77.0854,77.0854,77.0854,76.6535,79.022,81.513,81.1813,83.4532,83.3982,83.0412,91.7287,91.4067,96.7212,83.5844,83.3665,86.8185,72.9314,50.0297,85.9435,71.6999,71.1149,84.1912,76.8965,82.2322,79.0065,77.1731,70.9834,85.3343,70.5335,73.901,74.4733,70.8097,74.1634,70.6166,73.983,71.971,73.4579,90.6272,82.6289,4.01393,77.005,77.1951,77.1409,77.3175,77.132,77.3186,83.0684,82.3347,76.8619,82.4375,81.5826,76.1237,76.1829,76.1967,75.9065,75.924,75.8269,71.4115,69.446,80.6564,75.6239,71.3622,70.0028,70.5126,69.7654,70.7249,70.1219,70.7167,4.00873,74.9501,77.054,76.8654,77.4717,81.2469,77.2804,75.519,82.1175,83.7292,73.9289,96.7308,81.1453,64.1713,76.7984,84.5646,79.8566,72.737,73.4553,75.6123,85.814,85.5779,55.2314,71.5314,92.6995,87.6338,83.054,83.0224,91.7956,69.6272,69.7472,70.6252,69.1634,87.4371,83.2399,91.2884,81.2983,82.5376,78.6692,91.4063,76.2893,81.7891,71.9408,84.1673,76.9933,75.7997,76.683,77.4072,82.0309,85.0231,81.1833,82.7709,84.4683,76.8148,81.9588,79.9311,84.4039,84.275,84.4998,79.3413,78.6563,79.0056,78.9845,79.0619,77.4677,79.0618,77.6186,77.6206,77.6206,78.9664,79.3721,95.3615,96.6817,95.3616,96.7896,97.1217,97.1217,96.9462,96.9388,80.304,96.7373,76.4686,76.5054,71.7008,74.1729,69.5488,70.2853,71.3407,74.8002,74.8297,74.8338,74.8227,74.8227,73.9796,76.8724,76.4684,76.5118,76.5164,76.5111,76.5307,76.5307,76.5205,75.1716,77.2386,77.3394,77.294,77.3876,77.3125,77.1833,77.1829,
RCM IEEE 64,4.59753,94.1812,4.29431,4.01339,96.8745,85.3341,85.1479,94.1444,96.5244,96.738,4.00818,3.99598,83.3977,83.4535,97.2266,96.7177,96.3579,96.7315,96.7608,96.7312,97.1224,96.9395,96.9468,97.1223,96.7903,91.7972,85.1329,83.2402,83.2384,92.7659,96.4801,96.672,96.4807,96.7219,91.9956,3.9266,4.46152,83.3985,84.3065,84.4322,96.2557,96.0585,95.8061,96.6823,95.3622,95.997,96.4923,91.7316,91.4065,84.5646,84.4039,83.5847,83.1459,92.6996,96.4551,96.5491,91.9826,34.513,34.7993,3.77665,45.7278,45.7278,55.2491,83.3916,83.3485,84.248,95.7472,95.236,95.1483,95.3621,95.9932,91.2886,84.275,83.3667,83.0254,92.4361,96.3981,96.4962,91.9252,91.7295,50.0297,34.0497,33.8769,33.8774,2.77688,45.671,55.041,71.4776,71.4876,71.1151,79.0619,83.2204,83.7786,70.7251,77.173,47.8269,95.1396,95.1096,95.1136,95.3094,90.6275,89.2735,82.9727,90.1242,92.2301,96.2938,96.2904,91.4073,91.7963,70.9835,55.9488,79.006,78.9823,33.7348,1.44496,54.8585,71.3895,71.0707,71.0978,71.2457,71.3623,71.4116,76.2892,76.6974,76.8617,76.9383,79.0102,79.0618,82.347,83.2726,70.717,70.9203,76.1194,76.8965,76.3231,72.4323,77.3619,77.3619,70.5168,52.4571,94.5603,95.1639,89.1485,82.6608,90.0931,92.1737,91.8438,95.1068,91.4028,70.6253,69.7471,62.1046,78.6686,0.225013,62.5005,71.0146,71.7929,71.5243,71.5315,76.2561,76.647,76.7277,76.8146,76.2084,78.9846,79.0056,82.3465,82.3902,82.0307,70.5127,70.122,77.3875,75.9679,76.1653,75.7732,76.8682,77.0539,77.2566,75.6123,72.9314,77.3618,77.4717,68.407,68.4492,79.3722,92.1108,86.4606,89.8767,91.7865,90.8057,69.6272,67.7713,63.2204,76.5206,76.5164,76.5307,76.5307,77.8731,37.2366,63.2659,71.5808,71.7,71.9409,72.2487,76.2089,75.6655,76.5432,76.7343,76.6465,75.7189,78.6563,77.6206,77.6207,77.6186,81.694,81.1454,81.7622,76.5054,70.0029,77.2804,77.4026,77.3393,77.3125,77.3188,77.3176,75.8269,75.9241,76.9556,75.5191,76.9479,76.8654,68.4469,78.9665,74.2449,88.9433,89.2097,88.9431,80.2302,80.5455,80.6833,69.1635,69.5488,68.6199,76.5118,76.5111,70.2854,77.0536,76.1968,74.2202,75.0323,55.2316,64.1714,72.1576,82.4109,84.0288,88.3172,76.1205,76.5232,75.3991,73.9289,77.3323,77.3326,77.4676,79.1756,78.6866,80.4524,76.4686,76.4489,76.4488,76.4487,76.9892,76.8725,76.8294,69.7654,77.1071,77.2434,77.3559,77.294,77.1951,77.1321,77.1409,76.183,76.7439,74.2058,74.3957,88.6981,88.6981,80.462,80.615,68.7405,76.4684,75.2626,75.2544,75.2625,71.3408,76.0839,76.1302,76.1238,74.9501,69.446,74.4734,74.1421,74.6602,73.9829,74.1634,67.1945,65.3022,71.9711,70.6167,70.81,72.7371,82.029,81.7889,82.437,80.6564,80.9518,82.4465,84.4737,75.6238,77.2574,77.3122,77.2984,77.4072,77.2519,77.241,77.4149,78.599,77.554,79.6122,76.4377,76.8178,75.7998,77.1143,77.1013,77.2386,77.0051,76.7332,74.3096,84.1594,80.5884,83.8602,82.8551,82.3347,82.2458,73.9001,74.8338,74.8227,74.8227,74.8297,75.269,76.3685,75.3326,75.1999,75.2694,74.1728,71.7008,76.0035,75.9065,75.164,75.3359,75.336,73.901,70.5336,73.4554,77.16,77.16,77.16,79.8567,81.5824,79.804,80.8295,82.9829,84.1906,77.0835,77.2804,77.1076,77.2301,78.427,76.683,77.1328,77.089,77.0669,77.183,77.2169,77.1833,77.2168,76.7985,75.023,82.8167,82.3112,82.2297,83.14,74.8002,75.1944,75.3142,75.1941,73.9796,75.1715,75.1434,75.3102,73.458,75.2273,75.2351,75.2346,77.0855,77.0855,77.0855,79.0222,75.7787,81.3218,80.5761,79.3415,80.0058,83.7282,77.1059,76.9933,77.1133,77.1303,77.1303,76.758,82.6148,82.2772,82.1844,83.0411,75.1273,75.1902,76.9268,76.6536,75.676,80.3041,78.5884,78.2087,85.8129,79.9309,83.2205,83.8045,77.1276,82.2322,81.513,82.9044,82.6355,75.7211,77.7263,77.4337,85.5768,80.7567,83.0739,83.7156,83.7174,81.1813,82.8778,83.0619,83.5815,82.5376,77.3407,85.3207,81.2466,83.0961,83.69,81.1833,82.9884,83.5637,83.0099,81.2982,79.4187,84.8865,81.9585,83.0687,82.7705,84.1667,83.6438,82.9362,80.9909,82.6286,82.1171,82.8666,82.9416,83.0538,84.5402,83.6691,82.1109,83.0221,84.9753,84.4983,84.4674,85.0671,84.8112,85.022,85.9424,86.8173,87.0373,87.4359,87.6327,88.0851,
RCM IEEE 32,4.59697,94.1913,4.29335,4.01211,96.8689,85.3667,85.1783,94.1547,96.5178,96.7318,4.00677,3.99314,83.3866,83.4418,97.2298,96.7262,96.3608,96.7256,96.7564,96.7254,97.1215,96.94,96.939,97.1184,96.7843,91.6996,85.1633,83.2275,83.2296,92.7683,96.4735,96.6658,96.4743,96.7161,92.0018,3.9239,4.46694,83.3874,84.311,84.4398,96.258,96.0602,95.8079,96.6778,95.3583,95.9995,96.5008,91.6347,91.3224,84.5803,84.41,83.5751,83.137,92.7023,96.4487,96.5424,91.9886,34.5157,34.8041,3.77497,45.7316,45.7324,55.2561,83.3805,83.3382,84.2528,95.7492,95.2384,95.1493,95.358,95.9955,91.2049,84.2818,83.3583,83.0188,92.4386,96.3916,96.4897,91.9318,91.7432,50.0342,34.0532,33.8826,33.8813,2.77863,45.6751,55.0467,71.4779,71.4912,71.1246,79.062,83.2104,83.7839,70.7311,77.1738,47.8307,95.1397,95.1104,95.1153,95.3055,90.5557,89.2223,82.9671,90.1228,92.2316,96.2876,96.2848,91.4148,91.8026,70.9927,55.9535,79.0187,78.9947,33.7383,1.44631,54.8635,71.3933,71.0775,71.1055,71.254,71.3707,71.4206,76.2917,76.7107,76.8792,76.9551,79.0119,79.0619,82.3371,83.2772,70.7229,70.9271,76.1257,76.9003,76.3289,72.4371,77.3507,77.3505,70.5209,52.4615,94.5609,95.1603,89.0986,82.6557,90.0911,92.1751,91.8447,95.1027,91.4101,70.6332,69.7529,62.111,78.6793,0.225031,62.506,71.022,71.7979,71.5328,71.5403,76.2583,76.6603,76.7409,76.8315,76.232,78.9862,79.0063,82.3362,82.3939,82.0151,70.5199,70.1286,77.3955,75.9744,76.1712,75.7782,76.872,77.0561,77.2541,75.6173,72.9355,77.351,77.4771,68.4121,68.4548,79.3729,92.1105,86.4491,89.8769,91.7882,90.8097,69.6338,67.7777,63.2271,76.5275,76.523,76.536,76.5369,77.8828,37.2358,63.2699,71.5895,71.709,71.9508,72.2679,76.2118,75.6688,76.5554,76.75,76.6588,75.7316,78.658,77.6244,77.6287,77.621,81.6877,81.1474,81.7448,76.5118,70.0095,77.2872,77.4073,77.3473,77.3203,77.3202,77.3214,75.8317,75.9297,76.9582,75.524,76.9492,76.8695,68.452,78.9682,74.2557,88.9424,89.2108,88.9395,80.2399,80.5561,80.6938,69.1696,69.5548,68.6267,76.5185,76.5172,70.2916,77.0619,76.2039,74.2336,75.0342,55.2329,64.1755,72.1684,82.4062,84.0182,88.3639,76.126,76.5354,75.409,73.9348,77.3382,77.3367,77.4735,79.1828,78.6925,80.4522,76.475,76.4551,76.4547,76.4546,76.9944,76.8798,76.8358,69.7716,77.1121,77.2492,77.3609,77.3017,77.1981,77.1345,77.1464,76.1885,76.7479,74.2118,74.3985,88.7001,88.7003,80.4723,80.6256,68.7474,76.4748,75.2696,75.2616,75.2689,71.3482,76.0911,76.131,76.1298,74.9571,69.4535,74.4872,74.154,74.6639,73.9847,74.1732,67.1996,65.305,71.9747,70.6198,70.7659,72.7475,82.0269,81.7873,82.4358,80.6589,80.9713,82.4857,84.5001,75.6325,77.2628,77.318,77.3043,77.4122,77.2578,77.2479,77.4202,78.6048,77.5593,79.6144,76.4439,76.8238,75.8059,77.1201,77.107,77.2462,77.0097,76.7376,74.3155,84.1649,80.5987,83.8663,82.8639,82.3491,82.2684,73.9068,74.841,74.8291,74.8296,74.8358,75.2766,76.3752,75.3397,75.2071,75.2765,74.1804,71.7085,76.0095,75.9131,75.1707,75.3425,75.3426,73.9101,70.5367,73.463,77.1669,77.1658,77.1657,79.8725,81.581,79.8089,80.8499,83.0252,84.2366,77.0891,77.2863,77.1137,77.2359,78.4328,76.6891,77.1389,77.0949,77.0729,77.1895,77.2202,77.1894,77.2215,76.8032,75.029,82.8256,82.3251,82.253,83.1893,74.8069,75.2013,75.3207,75.2012,73.9871,75.1778,75.1503,75.3168,73.4658,75.2339,75.2407,75.2412,77.0915,77.0917,77.0919,79.0332,75.7873,81.3213,80.5768,79.3477,80.0196,83.7714,77.1125,76.999,77.1197,77.1365,77.137,76.7636,82.6257,82.2909,82.2065,83.0939,75.134,75.1969,76.9329,76.66,75.6829,80.3073,78.5955,78.2165,85.4424,79.9319,83.3545,83.8464,77.1339,82.2454,81.5317,82.9585,82.6904,75.7279,77.7334,77.4415,85.2049,80.7577,83.1902,83.7582,83.759,81.1971,82.9196,83.0914,83.6074,82.5918,77.3489,84.9467,81.2521,83.2222,83.7314,81.1997,83.0184,83.5898,83.027,81.3177,79.4298,84.5672,81.9665,83.1829,82.7947,84.1949,83.6724,82.9531,81.0037,82.5851,82.1251,82.9505,82.9647,83.0765,84.5697,83.699,82.1182,83.044,85.0028,84.5249,84.4885,85.0918,84.8367,85.0452,85.965,86.8384,87.0565,87.4517,87.6474,88.1003,
RCM BFloat16,52.5,1680,256,1432,2048,2464,2320,1704,1432,1728,1448,832,4576,4576,2816,1720,1664,1392,1688,1704,2048,1448,1472,1496,1448,1472,2464,2464,2336,1800,1648,1384,1688,1648,1448,1296,1432,4384,2272,1728,1384,1152,352,1472,338,896,1680,1432,1800,1832,1840,1664,2048,1800,1728,1800,1392,1416,1472,1176,1360,1224,1616,4384,2832,2736,692,1432,1352,326,916,1688,1720,1840,2048,2048,1728,1856,1392,1664,1144,1296,616,374,648,1160,1368,840,1024,1416,112.5,4384,1792,1496,3584,1384,872,1384,1384,512,1432,1416,1832,1680,1800,1744,1648,1384,1728,1448,1408,1680,1648,736,-512,1336,1024,1496,1368,1336,1448,1384,1720,1720,2320,2704,2608,116,8192,1296,1472,1680,1856,1800,1432,1832,2240,2240,1832,1472,2048,920,1448,1840,1776,1800,1832,1472,1432,1448,1408,1384,1616,-26.375,1232,1384,1384,1408,1384,1704,1856,1768,2592,7328,2048,1024,8192,1432,1416,1432,1856,1800,2240,1744,1832,1688,1832,1776,1800,1840,2240,2048,1800,1856,1648,1688,1616,1648,2048,1648,1408,1360,1472,716,736,612,512,1728,1024,1024,1176,1176,1176,1680,1680,1472,1720,2288,1704,2768,1680,1416,1384,1416,5536,1648,1648,692,1472,512,1432,1728,1448,1680,1800,1800,1832,1832,1800,1792,2272,1776,1744,1456,1664,1680,1384,1800,1688,2320,1360,1728,1616,716,736,1688,1648,1704,1384,1384,1384,1472,1024,2048,1744,1832,1432,1744,1432,1168,1472,1384,1448,1800,1728,2272,808,1136,1024,1304,1336,1448,1408,1416,1432,1456,1496,1360,1360,1168,1360,1680,1800,1408,1800,1664,1448,1800,1832,1392,680,1800,1472,1472,1688,1360,1680,1616,1448,1224,1384,1336,1408,1384,1024,1448,1176,1160,1024,1472,588,1472,1728,2288,2048,1680,1448,1368,1680,1680,1408,1296,1416,1368,1296,1168,1688,1384,2048,1024,1280,1432,1432,1384,1432,1384,1448,1360,1664,1800,1688,1432,1024,448,1432,1672,1704,1672,1616,2048,1120,1416,1680,2048,1776,1720,1496,1392,1496,1616,1648,1024,1024,708,1400,1680,1224,1744,1800,1720,1360,1496,1672,1384,1432,1456,1368,1688,1432,1160,1384,1408,1384,1336,1432,1744,1456,1384,1496,1024,704,1416,1472,1392,1384,1648,1664,1432,1680,1432,716,916,1680,1232,1384,1384,1416,1616,1472,1728,1832,1680,2048,1496,1448,1360,1448,1432,1432,1400,1176,896,568,1832,1432,1224,1448,1384,1336,1616,1432,1472,1680,1024,1384,864,1408,1024,576,1616,1392,1432,1432,1400,1720,1672,1680,422,-256,422,1408,896,2240,1176,1472,1664,1232,1664,205,442,668,2448,1360,696,1360,1720,1384,1496,716,4096,1800,1616,916,1368,1432,1384,864,1432,2720,1720,1408,1168,1832,1832,1800,1448,1688,1792,2048,1792,2048,1688,1840,1680,
RCM 64A BFloat16,31.125,30.875,28.75,32.25,36.75,34,33.75,32.5,32.75,32.75,32.5,32.5,33.75,33.25,33.5,32,32.75,35,32.75,32.75,33.5,32.25,32,32.25,32,33,33.5,33,33.5,33.25,33.5,32.75,32.75,32.75,32,32.25,33,32.75,33.25,33.25,32.75,34.25,33,32.25,32.5,32.75,32.5,32.5,33,33,33,33.5,32.75,32.75,32.75,33.25,32,21,32.25,32,29,28.25,28.25,34.75,34,33,32.75,32.5,32.25,32.75,32.5,32.5,32.5,32.5,33,32.5,33.25,33.25,32,32.75,30.875,27.25,22.75,26.375,25.625,28.75,29.25,28.25,32.25,32.5,32.5,33.5,33,32.75,34.5,30.75,33.5,32.5,33,32.5,32.25,32.25,33,33,32.5,33.5,33.25,33,33.5,33.25,32,33,33.25,22.375,9.6875,30,32,33,32,32.5,32.75,32.5,32.5,32.75,34,32.75,32.75,32.75,33.25,32.25,32.5,33.25,32.75,34.25,33.25,32.5,32.25,32.25,32.25,32.25,32.25,33.25,33.5,32.5,33.5,32.5,32.75,32.75,33.25,32.25,32,32,32.75,0.192383,32,32.5,32.5,32.25,32.75,32.75,33.5,31.5,33,33,32.75,33.5,33,33,33.25,32.5,34,32.25,33,33,32.75,33.75,33.25,32.5,33,32.5,32,33.5,32.5,32.75,32.5,33.25,33,32.75,39.25,32.5,32.5,32.25,32,31.875,32.25,32,32,32.75,27.25,32.25,32.25,32.25,32.75,32.5,32.5,32.5,32,33,33,32.75,33.25,32.75,33,32,33.5,32.75,32.75,32.5,32.75,32.5,32.75,33.25,32.5,33.25,32.75,33.25,33.5,32.75,33,33,33,32.25,32,32.75,32.75,32.5,32,33,32.5,32.75,32.5,33,33.25,33.5,32,32.75,33,32.75,32,32,31.875,32,32.75,33.75,33.25,33.5,32.5,32.5,32.75,32.75,33.25,32.5,32.75,33,32.75,32.25,32.75,32.25,32.5,32.5,32.5,32.5,32.5,32.5,32.5,32.75,32.5,32.5,32.75,32.75,32.5,33,32.5,33.5,32.75,32.25,32.5,32.5,32.5,32.25,32.25,34,33.25,31.875,32.75,32.25,32.75,32.75,33.75,32,32,32,32,32,32.5,32.25,32.25,32.5,33.25,32.25,32.5,32.5,32.75,33.5,33.25,33.25,32.5,32.5,32.75,32.5,32.5,32.5,33,32.75,32.25,32.5,33.25,32.75,33.25,32.25,33,32.75,32.75,32.5,32.5,32.5,32.75,33,32.5,32.25,32.5,32.25,32.5,33,32.5,32,32.25,32.5,32.5,34.75,32.5,32.5,32.5,32.75,32.75,32.5,32.5,33.25,33,33,33.5,32,32.75,32.25,32,33.75,31.75,32.75,33.25,32.5,32.75,32.5,32.75,32.75,32.5,32.75,32.5,33,32.5,32.5,32.5,32.5,32.5,32.5,32.5,32,32.5,32.5,33.5,33,32,32.5,32.5,32.75,32.75,32.25,32.5,32.5,32,33.25,32.25,32.5,32.5,32.5,32.5,32.5,32.25,32.75,33.25,33,32.75,32.75,34.75,33.25,32.25,32.5,32.5,32.5,32.75,32.75,32.25,32.75,32.25,32.5,32.5,32.75,32.75,32.75,32.25,33.25,32,32.5,33,32.25,33,32.75,32.5,32.5,32.25,32.25,33,33,32.5,32.75,32,32,32,32.5,32.25,32.5,32.25,32.25,32.75,32.5,32.25,32.25,31.875,32.25,32,32,32.5,33.5,32,32.75,32,32,32,32,33,32,32,32,32.75,32.5,32.5,32.5,33,32.25,32.5,32,32.25,32.25,32,32,32,32,32.25,32.25,32.25,32.25,32.5,32,32,32,
RCM 64A IEEE 32 IC,4.59809,94.1867,4.29345,4.01291,96.866,85.3587,85.1732,94.1502,96.5163,96.7308,4.00764,3.99353,83.384,83.4402,97.2244,96.7245,96.357,96.7231,96.7529,96.7226,97.118,96.9355,96.9382,97.1169,96.7809,91.6963,85.1579,83.2241,83.2263,92.7662,96.4715,96.6639,96.4719,96.7136,91.9995,3.92482,4.46635,83.385,84.311,84.4395,96.2548,96.0567,95.8053,96.6743,95.3541,95.9947,96.4945,91.6309,91.3187,84.5762,84.4062,83.5726,83.1338,92.6989,96.4465,96.5404,91.9862,34.5136,34.8013,3.77573,45.7301,45.7288,55.2522,83.3783,83.3361,84.253,95.7461,95.2362,95.1467,95.3538,95.9911,91.1993,84.28,83.355,83.015,92.4345,96.3898,96.4882,91.929,91.7388,50.0306,34.0501,33.8785,33.881,2.77897,45.6723,55.0434,71.4731,71.4864,71.1191,79.054,83.2074,83.7832,70.7254,77.1749,47.8278,95.1371,95.1083,95.1124,95.3013,90.5514,89.2159,82.9631,90.1182,92.2285,96.2858,96.282,91.4117,91.7969,70.9871,55.9501,79.0107,78.9877,33.7362,1.44666,54.8599,71.3887,71.0741,71.1004,71.249,71.3654,71.4155,76.2863,76.7053,76.8715,76.9473,79.0059,79.0538,82.3314,83.2769,70.7177,70.9227,76.1219,76.8978,76.324,72.4327,77.3594,77.3596,70.518,52.4582,94.5588,95.1559,89.0936,82.6518,90.088,92.172,91.8416,95.0993,91.4072,70.628,69.7473,62.1064,78.6742,0.225023,62.5011,71.0177,71.7937,71.528,71.5354,76.2521,76.654,76.7333,76.8239,76.221,78.9801,78.9994,82.3308,82.3919,82.013,70.5154,70.1244,77.3887,75.9706,76.1675,75.7742,76.8693,77.0545,77.2542,75.6133,72.9315,77.3596,77.4765,68.4082,68.4506,79.3674,92.1068,86.4453,89.8727,91.7847,90.8048,69.6287,67.7726,63.2221,76.5216,76.5176,76.5324,76.532,77.8801,37.233,63.2663,71.5843,71.7039,71.9457,72.2613,76.2057,75.6633,76.5492,76.7423,76.6533,75.7273,78.6529,77.6216,77.6241,77.6181,81.6822,81.1433,81.7425,76.5063,70.0051,77.2813,77.4035,77.341,77.3141,77.3154,77.3173,75.8285,75.9254,76.9555,75.5208,76.9478,76.8657,68.4481,78.9625,74.2492,88.9375,89.2066,88.9342,80.2334,80.5503,80.6886,69.165,69.5504,68.6214,76.5124,76.5122,70.2865,77.0581,76.1999,74.2276,75.0279,55.2289,64.1709,72.1629,82.4047,84.0133,88.3569,76.1196,76.5297,75.4042,73.9295,77.334,77.3323,77.4678,79.1775,78.687,80.4485,76.4699,76.4501,76.4501,76.4494,76.99,76.8751,76.8298,69.7672,77.1077,77.2438,77.3568,77.2956,77.1917,77.1293,77.1413,76.1841,76.7443,74.2068,74.3912,88.6954,88.6955,80.4662,80.62,68.7421,76.4696,75.2639,75.256,75.2633,71.3426,76.0858,76.1267,76.1248,74.9519,69.4486,74.4816,74.1475,74.6589,73.9789,74.1697,67.196,65.2991,71.9703,70.6138,70.7621,72.7423,82.0227,81.7827,82.4317,80.6551,80.9658,82.4798,84.4861,75.6271,77.2576,77.3128,77.2986,77.4069,77.2525,77.2419,77.4146,78.5999,77.5545,79.6103,76.4388,76.8186,75.8006,77.1149,77.1021,77.2399,77.005,76.7337,74.3101,84.16,80.5931,83.8617,82.8584,82.3423,82.2647,73.9017,74.8354,74.8246,74.8239,74.8314,75.2711,76.3693,75.3341,75.2019,75.2711,74.1744,71.7029,76.005,75.908,75.1654,75.3371,75.3373,73.9044,70.5314,73.4574,77.1616,77.161,77.161,79.8684,81.5764,79.8057,80.8456,83.0195,84.2295,77.0843,77.2809,77.1087,77.2307,78.4276,76.6838,77.1334,77.0897,77.0684,77.1845,77.2154,77.184,77.216,76.7989,75.0244,82.8199,82.3191,82.2483,83.1814,74.8017,75.1965,75.3152,75.1959,73.9816,75.1721,75.1451,75.3118,73.4602,75.2279,75.2353,75.236,77.0865,77.0863,77.086,79.0289,75.7813,81.3165,80.5701,79.3441,80.0159,83.7648,77.1064,76.9939,77.1144,77.1311,77.1314,76.7589,82.6194,82.285,82.203,83.0871,75.1287,75.192,76.9281,76.6551,75.6774,80.3018,78.5917,78.2108,85.4398,79.9292,83.351,83.8399,77.1284,82.2403,81.5257,82.952,82.6855,75.7227,77.7284,77.4365,85.2023,80.7532,83.1863,83.7533,83.7551,81.1926,82.915,83.086,83.6018,82.586,77.3433,84.9451,81.2475,83.2167,83.7271,81.1948,83.013,83.5838,83.0224,81.3128,79.4245,84.565,81.9603,83.1768,82.7885,84.1907,83.6678,82.9492,80.9985,82.58,82.1193,82.9443,82.9582,83.0712,84.5645,83.6938,82.1132,83.0384,84.9991,84.5203,84.4844,85.0861,84.8317,85.0398,85.9583,86.8321,87.05,87.4441,87.6396,88.0923,

2,662_bus.mtx,662,0.267583,827123,9,11,62,32,9,2329,3201,8000,8000,3195, 
|
IEEE 64,0.469793,179.739,169.488,174.162,185.885,200.261,193.967,202.24,137.75,201.063,192.678,196.981,182.826,196.018,200.55,197.223,199.354,197.946,202.701,197.952,201.985,201.682,179.068,200.312,197.793,203.926,201.855,188.294,202.375,192.717,200.633,200.939,184.89,167.902,191.743,199.306,198.62,202.23,202.27,187.865,201.898,201.041,200.744,202.731,195.001,197.405,202.685,108,200.777,200.947,167.067,172.917,196.547,202.563,198.959,197.323,196.384,201.1,203.828,198.066,202.611,199.855,199.599,198.404,192.132,202.083,203.164,198.848,201.628,202.029,202.17,202.756,202.897,199.291,201.957,197.303,200.586,203.315,188.87,196.564,196.063,199.145,187.793,200.877,180.046,201.956,200.127,202.274,183.27,176.869,196.047,199.686,201.818,171.634,169.972,201.26,201.244,201.758,196.025,199.377,203.766,201.774,198.459,202.235,202.194,201.234,198.107,202.569,200.712,195.517,201.203,202.704,199.214,201.297,202.16,202.937,202.632,200.545,202.265,202.418,202.605,197.231,202.391,190.339,201.114,171.202,199.558,195.041,202.942,203.927,199.158,199.169,199.079,202.421,198.11,172.589,201.451,202.901,182.84,192.888,198.135,202.769,189.617,203.702,196.708,202.455,191.721,176.861,195.721,202.651,199.447,198.308,196.099,190.189,196.679,200.914,200.725,198.501,203.038,198.053,202.185,195.553,193.23,199.596,199.433,168.938,169.892,169.071,168.382,201.596,200.726,145.576,165.205,199.338,203.185,195.457,196.309,195.594,198.1,201.153,201.181,202.51,202.409,199.81,201.134,201.07,199.534,202.732,195.197,200.329,201.867,194.826,198.016,201.495,200.981,176.809,202.28,202.017,202.042,202.821,202.47,203.136,202.325,199.53,202.201,199.562,201.127,201.804,200.559,195.647,202.107,200.209,199.897,201.997,189.239,202.132,199.295,196.128,201.322,181.631,203.926,100.535,198.592,202.565,199.817,195.656,201.551,180.357,201.355,200.598,199.802,201.346,203.115,195.611,193.504,202.638,176.681,202.25,192.919,200.924,202.478,198.654,198.432,202.398,195.396,173.155,177.986,195.76,195.625,204.185,198.126,198.871,201.902,195.538,198.428,200.815,200.423,199.814,176.257,171.842,203.174,201.98,196.962,201.013,199.373,202.221,202.266,197.165,180.169,201.904,201.055,164.469,201.888,191.756,199.661,198.859,198.029,200.88,199.727,186.782,199.206,204.077,200.323,202.221,200.924,33.3873,199.711,201.474,197.884,197.222,202.025,186.161,185.448,188.015,191.63,203.196,200.121,192.444,198.428,198.578,199.573,199.668,200.071,199.531,197.383,199.866,199.618,199.923,200.338,190.767,194.887,192.401,192.447,197.574,198.259,197.716,198.519,196.484,199.991,198.389,200.227,198.358,198.783,200.492,199.774,201.107,201.4,200.674,199.701,198.79,200.063,200.944,195.982,196.005,196.005,198.349,199.644,198.663,198.602,198.693,200.343,200.343,198.414,201.671,198.464,198.446,200.092,197.572,199.509,199.597,196.085,199.814,200.152,191.704,192.035,197.924,201.377,192.496,196.648,196.906,195.843,196.411,195.769,196.338,197.165,197.195,201.247,201.574,194.3,191.601,199.57,199.665,199.927,199.927,200.05,195.92,198.418,199.914,199.648,197.734,199.125,199.547,200.289,201.041,196.265,198.189,196.506,198.054,201.162,200.939,201.087,199.196,198.296,197.879,196.07,191.671,199.283,199.485,199.64,198.673,199.739,200.487,199.15,194.842,199.996,198.368,195.731,197.725,193.303,191.955,197.753,194.71,197.522,195.7,195.575,198.607,200.715,200.215,199.823,197.663,199.906,200.3,196.9,199.964,182.767,191.416,191.577,197.775,199.694,198.546,198.872,198.648,198.765,200.005,200.27,197.286,200.674,200.484,200.619,200.808,198.753,198.83,199.834,200.427,200.314,200.331,200.934,199.95,204.752,203.599,201.829,201.543,202.088,203.926,202.998,200.294,200.549,201.344,200.954,202.637,201.024,201.466,201.236,201.062,201.598,201.513,200.428,205.127,201.31,201.28,201.491,204.243,200.014,201.327,201.188,201.569,203.204,200.875,201.596,201.743,200.885,201.066,201.269,202.21,200.942,201.574,199.784,201.301,199.956,201.336,202.049,199.557,201.611,201.125,205.039,201.534,202.119,200.036,201.393,201.387,200.033,204.725,201.444,201.262,201.028,200.339,202.233,200.598,199.833,203.27,203.902,201.035,202.063,201.206,202.927,201.271,200.8,200.233,201.131,201.127,201.009,204.304,200.767,201.388,203.435,200.314,200.883,201.408,202.979,204.862,204.863,200.847,203.844,201.032,201.75,200.879,201.768,201.04,201.495,200.578,203.039,201.071,201.526,200.265,200.264,205.089,204.449,201.55,201.414,203.043,204.731,200.716,204.195,204.768,201.09,201.551,200.963,201.223,203.572,201.124,203.394,204.738,201.427,200.378,200.871,199.241,199.669,199.591,201.174,203.714,200.158,200.296,202.839,200.865,201.115,201.377,201.095,202.08,201.494,200.935,200.712,201.117,204.029,202.09,201.48,200.314,198.621,198.456,199.354,198.638,198.767,199.342,197.214,197.195,198.48,197.233,199.168,198.819,198.616,198.846,198.044,198.974,198.461,199.33,198.547,198.565,198.993,198.433,198.436,199.227,199.252,198.991,198.785,198.656,197.547,198.823,198.757,197.622,196.218,196.228,198.526,198.514,198.824,199.342,198.723,198.979,199.08,198.313,198.748,198.319,199.006,198.422,198.36,198.755,199.168,199.14,199.152,199.091,198.721,199.34,199.358,197.248,198.524,198.656,195.477,195.65,197.087,199.911,199.941,199.782,200.251,200.22,200.196,199.977,199.864,200.197,200.166,200.167,200.205,198.802,199.335,198.803,
IEEE 32,0.469761,179.727,169.476,174.149,185.872,200.247,193.954,202.226,137.741,201.05,192.665,196.968,182.814,196.004,200.536,197.21,199.34,197.932,202.687,197.939,201.971,201.667,179.056,200.299,197.779,203.912,201.841,188.281,202.361,192.704,200.619,200.925,184.877,167.89,191.73,199.292,198.607,202.216,202.256,187.852,201.884,201.028,200.73,202.717,194.988,197.392,202.671,107.992,200.763,200.933,167.056,172.905,196.533,202.549,198.945,197.31,196.37,201.086,203.814,198.052,202.597,199.841,199.585,198.39,192.118,202.069,203.15,198.835,201.614,202.015,202.156,202.742,202.883,199.278,201.943,197.29,200.572,203.301,188.857,196.551,196.049,199.131,187.78,200.863,180.034,201.942,200.113,202.26,183.258,176.857,196.033,199.672,201.805,171.622,169.96,201.246,201.23,201.744,196.012,199.364,203.752,201.76,198.445,202.221,202.18,201.22,198.094,202.555,200.699,195.504,201.189,202.69,199.2,201.283,202.146,202.923,202.619,200.531,202.251,202.404,202.591,197.217,202.377,190.326,201.1,171.19,199.544,195.027,202.929,203.914,199.145,199.156,199.066,202.407,198.096,172.577,201.438,202.887,182.828,192.875,198.121,202.755,189.604,203.688,196.694,202.441,191.708,176.848,195.707,202.637,199.433,198.295,196.085,190.176,196.665,200.901,200.711,198.487,203.024,198.039,202.171,195.539,193.217,199.582,199.419,168.927,169.881,169.06,168.371,201.581,200.712,145.566,165.194,199.324,203.171,195.444,196.295,195.58,198.086,201.138,201.167,202.496,202.395,199.797,201.12,201.056,199.521,202.718,195.184,200.315,201.853,194.812,198.002,201.481,200.967,176.797,202.266,202.003,202.028,202.807,202.456,203.122,202.311,199.516,202.187,199.548,201.112,201.791,200.545,195.634,202.093,200.196,199.884,201.983,189.226,202.118,199.281,196.115,201.308,181.618,203.912,100.528,198.578,202.551,199.803,195.642,201.537,180.344,201.341,200.584,199.788,201.332,203.101,195.598,193.49,202.624,176.668,202.236,192.906,200.91,202.464,198.64,198.418,202.384,195.382,173.143,177.974,195.747,195.611,204.172,198.112,198.857,201.889,195.525,198.414,200.801,200.409,199.8,176.245,171.83,203.16,201.966,196.949,201,199.36,202.208,202.252,197.152,180.157,201.89,201.041,164.458,201.874,191.743,199.647,198.845,198.015,200.866,199.713,186.769,199.192,204.063,200.309,202.207,200.911,33.385,199.698,201.46,197.87,197.209,202.011,186.148,185.435,188.002,191.617,203.182,200.107,192.43,198.415,198.565,199.559,199.654,200.057,199.517,197.37,199.852,199.604,199.909,200.324,190.754,194.874,192.388,192.434,197.56,198.245,197.702,198.505,196.47,199.977,198.375,200.213,198.344,198.769,200.478,199.76,201.093,201.386,200.66,199.687,198.776,200.049,200.929,195.968,195.991,195.991,198.335,199.63,198.649,198.588,198.679,200.329,200.329,198.4,201.658,198.45,198.433,200.078,197.558,199.495,199.583,196.071,199.8,200.138,191.691,192.022,197.91,201.363,192.482,196.634,196.892,195.829,196.398,195.755,196.324,197.151,197.181,201.233,201.56,194.286,191.587,199.556,199.651,199.913,199.913,200.036,195.907,198.404,199.9,199.634,197.72,199.111,199.533,200.275,201.027,196.251,198.175,196.492,198.04,201.148,200.925,201.073,199.183,198.282,197.865,196.056,191.658,199.269,199.471,199.626,198.659,199.725,200.473,199.136,194.828,199.982,198.354,195.717,197.711,193.289,191.942,197.739,194.696,197.508,195.686,195.562,198.593,200.701,200.201,199.809,197.649,199.892,200.286,196.886,199.95,182.754,191.403,191.563,197.762,199.68,198.532,198.858,198.634,198.751,199.991,200.256,197.273,200.66,200.47,200.605,200.794,198.739,198.816,199.82,200.413,200.3,200.317,200.92,199.936,204.736,203.584,201.815,201.529,202.073,203.911,202.984,200.281,200.535,201.33,200.94,202.622,201.01,201.452,201.221,201.048,201.584,201.499,200.414,205.111,201.296,201.266,201.477,204.228,200,201.313,201.174,201.555,203.189,200.861,201.581,201.729,200.871,201.052,201.255,202.196,200.928,201.56,199.77,201.287,199.942,201.322,202.035,199.544,201.597,201.111,205.023,201.52,202.104,200.022,201.379,201.373,200.019,204.71,201.43,201.247,201.013,200.325,202.219,200.584,199.819,203.255,203.887,201.02,202.049,201.192,202.913,201.257,200.786,200.219,201.117,201.113,200.995,204.289,200.753,201.374,203.42,200.3,200.869,201.394,202.965,204.846,204.847,200.833,203.828,201.018,201.736,200.865,201.754,201.025,201.481,200.564,203.024,201.057,201.512,200.251,200.25,205.073,204.434,201.536,201.4,203.028,204.715,200.702,204.18,204.753,201.076,201.537,200.949,201.209,203.557,201.11,203.379,204.722,201.413,200.364,200.857,199.227,199.655,199.577,201.159,203.699,200.144,200.282,202.824,200.851,201.101,201.363,201.08,202.065,201.48,200.921,200.697,201.103,204.014,202.076,201.466,200.299,198.607,198.442,199.34,198.624,198.753,199.329,197.2,197.182,198.466,197.219,199.154,198.806,198.602,198.832,198.031,198.961,198.447,199.317,198.533,198.551,198.979,198.419,198.422,199.213,199.239,198.977,198.771,198.642,197.533,198.809,198.743,197.608,196.204,196.214,198.512,198.5,198.81,199.328,198.709,198.965,199.066,198.299,198.734,198.306,198.992,198.408,198.346,198.741,199.154,199.126,199.138,199.077,198.708,199.326,199.344,197.234,198.51,198.642,195.463,195.636,197.073,199.897,199.927,199.768,200.237,200.206,200.182,199.964,199.85,200.183,200.152,200.154,200.192,198.788,199.321,198.789,
BFloat16,1.05469,404,380,392,418,460,430,434,310,452,442,446,408,440,444,444,462,452,452,460,438,424,400,442,448,452,426,424,456,434,420,468,416,376,422,428,440,436,434,422,430,464,462,424,430,444,448,241,454,430,382,390,430,456,428,446,440,444,450,446,422,466,436,404,428,442,428,436,430,438,444,444,444,444,442,436,422,450,420,444,436,442,422,414,412,446,422,442,408,390,420,422,464,380,380,420,422,430,428,444,448,438,404,436,436,452,456,452,462,434,462,452,440,438,440,442,440,420,436,438,452,454,424,430,436,390,416,436,440,448,424,452,446,444,456,382,444,450,418,432,462,446,426,448,430,424,420,394,442,428,452,458,422,426,452,436,476,450,448,452,440,434,428,422,444,380,376,388,382,434,434,326,372,424,446,440,424,428,432,416,416,448,450,434,422,420,440,424,438,468,452,436,452,438,414,402,442,436,436,442,448,452,440,428,440,428,416,446,446,430,434,454,456,430,424,464,444,428,462,398,448,226,460,422,416,434,422,402,436,474,458,444,446,434,426,458,396,456,438,432,436,444,436,440,434,390,388,424,428,450,456,438,444,434,442,418,420,434,396,390,452,428,432,464,434,462,434,438,394,438,464,372,436,426,440,450,446,438,418,416,426,448,432,446,438,74.5,456,426,450,432,442,422,414,418,424,428,424,422,404,404,424,420,450,444,440,436,430,418,430,424,440,424,422,432,406,440,402,430,440,404,416,404,440,444,420,436,450,454,420,404,422,432,420,424,424,404,422,404,404,404,428,428,404,452,440,442,424,446,416,418,446,418,450,422,422,446,448,426,430,428,428,430,426,428,436,436,434,432,422,422,424,418,418,416,420,420,404,434,436,442,420,418,436,446,424,404,426,432,442,440,440,430,438,440,428,412,412,416,418,402,418,434,450,432,418,436,434,446,418,414,446,422,434,424,426,436,444,416,418,442,416,428,432,452,402,426,424,442,420,402,420,404,404,436,438,438,454,442,448,448,440,436,416,420,428,428,428,424,392,402,452,450,432,398,436,446,448,438,450,424,448,454,440,448,446,450,444,366,450,452,442,412,442,440,450,444,440,442,452,448,446,452,438,450,448,450,444,448,444,440,448,444,438,440,368,448,448,444,436,450,442,386,452,440,440,444,450,448,444,410,422,452,448,440,412,444,442,446,452,442,446,392,448,448,406,446,442,448,446,400,400,448,396,448,446,446,448,440,448,444,420,452,444,454,444,366,394,442,438,420,390,446,396,390,442,444,450,446,402,446,430,396,442,448,448,444,442,444,442,426,440,448,420,446,440,448,444,432,446,450,442,446,420,448,444,444,506,492,486,506,506,490,472,470,490,440,488,484,422,490,486,486,492,490,492,420,494,492,492,488,488,488,418,420,436,486,486,446,444,444,422,422,484,490,486,492,488,492,488,492,488,494,492,506,488,496,496,496,486,488,488,466,422,420,440,442,470,438,438,444,454,452,452,446,442,450,450,450,452,506,488,506,
64A BFloat16,0.474609,181,171,176,187,201,196,204,138,202,193,198,184,198,202,198,200,200,204,199,203,204,180,201,199,205,203,189,204,194,204,202,186,169,194,200,200,204,204,189,204,201,201,205,197,199,204,109,202,202,169,174,199,205,200,199,197,202,205,199,204,200,201,201,194,204,205,200,204,203,203,203,204,200,204,199,203,205,189,198,198,201,189,204,182,203,201,203,184,178,199,202,204,173,172,202,202,204,197,201,206,203,201,204,203,202,200,205,202,197,201,204,200,204,203,205,204,202,204,203,205,198,204,191,202,172,201,196,204,206,200,201,201,205,200,173,203,204,185,194,200,203,190,206,200,204,194,178,197,204,201,200,198,191,197,202,201,200,205,200,203,197,195,202,201,170,171,170,170,204,202,146,166,201,204,197,198,197,200,203,204,204,203,201,204,204,201,205,196,201,203,196,199,203,204,178,203,203,203,204,203,204,203,200,203,201,203,202,201,197,203,201,201,204,190,204,201,199,203,183,205,101,200,204,202,197,204,181,203,202,201,203,205,197,195,204,178,204,194,204,204,200,201,204,197,174,179,198,197,205,201,201,203,196,199,202,203,201,177,173,204,203,199,201,201,204,204,199,182,203,203,166,203,193,200,201,199,202,202,188,200,205,201,204,202,33.5,201,204,199,198,203,187,187,190,193,205,202,193,201,201,202,202,201,200,200,202,202,202,202,191,196,193,193,199,201,200,201,198,201,201,201,201,201,202,201,204,202,202,202,201,201,203,197,197,197,201,202,201,201,201,202,202,201,204,201,200,201,198,202,202,197,202,202,194,194,199,203,194,199,199,198,198,198,199,199,199,203,203,197,193,202,202,202,202,202,198,201,202,202,200,202,202,201,203,198,200,198,201,202,201,203,200,201,200,197,192,201,202,202,201,202,202,200,195,201,201,196,199,195,193,200,196,200,197,197,201,201,201,201,200,202,201,198,201,184,192,194,200,202,201,202,201,201,202,202,199,202,202,201,202,201,201,201,203,201,202,203,202,208,205,205,204,205,206,205,202,203,202,203,205,203,203,204,203,203,204,203,208,203,203,204,206,202,204,203,204,205,203,205,204,203,203,204,205,204,203,202,204,202,203,204,202,204,203,207,204,205,202,204,203,202,207,204,203,203,202,205,203,202,205,206,203,204,204,205,204,202,202,204,203,204,206,203,204,206,202,203,204,206,207,207,203,206,203,204,203,203,203,203,202,205,203,204,202,203,208,208,203,204,205,207,203,206,207,203,204,203,204,206,203,206,208,204,202,203,201,202,202,203,206,203,203,205,203,203,204,203,205,204,203,203,203,206,204,203,203,201,201,202,201,202,202,200,200,201,200,202,202,201,201,201,201,202,202,202,201,202,201,202,202,202,202,201,201,200,202,202,199,197,197,201,201,202,202,201,202,201,201,201,201,202,201,201,202,202,202,202,202,201,201,202,200,201,201,197,197,200,203,202,202,203,202,202,202,202,202,202,203,202,201,202,201,
64A IEEE 32 IC,0.469793,179.739,169.488,174.162,185.885,200.261,193.967,202.24,137.75,201.063,192.678,196.981,182.826,196.018,200.55,197.223,199.354,197.946,202.701,197.952,201.985,201.682,179.068,200.312,197.793,203.926,201.855,188.294,202.375,192.717,200.633,200.939,184.89,167.902,191.743,199.306,198.62,202.23,202.27,187.865,201.898,201.041,200.744,202.731,195.001,197.405,202.685,108,200.777,200.947,167.067,172.917,196.547,202.563,198.959,197.323,196.384,201.1,203.828,198.066,202.611,199.855,199.599,198.404,192.132,202.083,203.164,198.848,201.628,202.029,202.17,202.756,202.897,199.291,201.957,197.303,200.586,203.315,188.87,196.564,196.063,199.145,187.793,200.877,180.046,201.956,200.127,202.274,183.27,176.869,196.047,199.686,201.818,171.634,169.972,201.26,201.244,201.758,196.025,199.377,203.766,201.774,198.459,202.235,202.194,201.234,198.107,202.569,200.712,195.517,201.203,202.704,199.214,201.297,202.16,202.937,202.632,200.545,202.265,202.418,202.605,197.231,202.391,190.34,201.114,171.202,199.558,195.041,202.942,203.927,199.158,199.169,199.079,202.421,198.11,172.589,201.451,202.901,182.84,192.888,198.135,202.769,189.617,203.702,196.708,202.455,191.721,176.861,195.721,202.651,199.447,198.308,196.099,190.189,196.679,200.914,200.725,198.501,203.038,198.053,202.185,195.553,193.23,199.596,199.433,168.938,169.892,169.071,168.382,201.596,200.726,145.576,165.205,199.338,203.185,195.457,196.309,195.594,198.1,201.153,201.181,202.51,202.409,199.81,201.134,201.07,199.534,202.732,195.197,200.329,201.867,194.826,198.016,201.495,200.981,176.809,202.28,202.017,202.042,202.821,202.47,203.136,202.325,199.53,202.201,199.562,201.127,201.804,200.559,195.647,202.107,200.209,199.897,201.997,189.239,202.132,199.295,196.128,201.322,181.631,203.926,100.535,198.592,202.565,199.817,195.656,201.551,180.357,201.355,200.598,199.802,201.346,203.115,195.611,193.504,202.638,176.681,202.25,192.919,200.924,202.478,198.654,198.432,202.398,195.396,173.155,177.986,195.76,195.625,204.186,198.126,198.871,201.903,195.538,198.428,200.815,200.423,199.814,176.257,171.842,203.174,201.98,196.962,201.013,199.373,202.221,202.266,197.165,180.169,201.905,201.055,164.469,201.888,191.756,199.661,198.859,198.029,200.88,199.727,186.782,199.206,204.077,200.323,202.221,200.924,33.3873,199.712,201.474,197.884,197.222,202.025,186.161,185.448,188.015,191.63,203.196,200.121,192.444,198.429,198.579,199.573,199.668,200.071,199.531,197.383,199.866,199.618,199.923,200.338,190.767,194.887,192.401,192.447,197.574,198.259,197.716,198.519,196.484,199.991,198.389,200.227,198.358,198.783,200.492,199.774,201.107,201.4,200.674,199.701,198.79,200.063,200.944,195.982,196.005,196.005,198.349,199.644,198.663,198.602,198.693,200.343,200.343,198.414,201.671,198.464,198.446,200.092,197.572,199.509,199.597,196.085,199.814,200.152,191.704,192.035,197.924,201.377,192.496,196.648,196.906,195.843,196.411,195.769,196.338,197.165,197.195,201.247,201.574,194.3,191.601,199.57,199.665,199.927,199.927,200.05,195.92,198.418,199.914,199.648,197.734,199.125,199.547,200.289,201.041,196.265,198.189,196.506,198.054,201.162,200.939,201.087,199.196,198.296,197.879,196.07,191.671,199.283,199.485,199.64,198.673,199.739,200.487,199.15,194.842,199.996,198.368,195.731,197.725,193.303,191.955,197.753,194.71,197.522,195.7,195.575,198.607,200.715,200.215,199.823,197.663,199.906,200.3,196.9,199.964,182.767,191.416,191.577,197.775,199.695,198.546,198.872,198.648,198.765,200.005,200.27,197.286,200.675,200.484,200.619,200.808,198.753,198.83,199.834,200.427,200.314,200.331,200.934,199.95,204.752,203.599,201.829,201.543,202.088,203.926,202.998,200.294,200.549,201.344,200.954,202.637,201.024,201.466,201.236,201.062,201.598,201.513,200.429,205.127,201.31,201.28,201.491,204.243,200.014,201.327,201.188,201.569,203.204,200.875,201.596,201.743,200.885,201.066,201.269,202.21,200.942,201.574,199.784,201.301,199.956,201.336,202.049,199.558,201.611,201.125,205.039,201.534,202.119,200.036,201.393,201.387,200.033,204.725,201.444,201.262,201.028,200.339,202.233,200.598,199.833,203.27,203.902,201.035,202.063,201.206,202.928,201.271,200.8,200.233,201.131,201.127,201.01,204.305,200.767,201.388,203.435,200.314,200.883,201.408,202.979,204.862,204.863,200.847,203.844,201.032,201.75,200.879,201.768,201.04,201.495,200.578,203.039,201.071,201.526,200.265,200.264,205.089,204.449,201.55,201.414,203.043,204.73,200.716,204.195,204.768,201.09,201.551,200.963,201.223,203.572,201.124,203.394,204.738,201.427,200.378,200.871,199.241,199.669,199.591,201.174,203.714,200.158,200.296,202.839,200.865,201.115,201.377,201.095,202.08,201.494,200.935,200.712,201.117,204.029,202.09,201.48,200.314,198.621,198.456,199.354,198.638,198.767,199.342,197.214,197.195,198.48,197.233,199.168,198.819,198.616,198.846,198.044,198.974,198.461,199.33,198.547,198.565,198.993,198.433,198.436,199.227,199.252,198.991,198.785,198.656,197.547,198.823,198.757,197.622,196.218,196.228,198.526,198.514,198.824,199.342,198.723,198.979,199.08,198.313,198.748,198.319,199.006,198.422,198.36,198.755,199.168,199.14,199.152,199.091,198.721,199.34,199.358,197.248,198.524,198.656,195.477,195.65,197.087,199.911,199.941,199.782,200.251,200.22,200.196,199.977,199.864,200.197,200.166,200.167,200.205,198.802,199.335,198.803,
RCM IEEE 64,199.152,199.14,203.926,199.091,198.991,203.766,203.185,202.937,203.927,174.162,198.974,199.168,198.824,198.823,198.846,198.993,199.006,204.185,196.025,190.189,188.87,182.826,169.972,182.84,199.168,199.08,199.342,203.196,199.558,198.616,202.821,203.115,202.942,203.702,202.632,199.668,184.89,202.16,176.257,173.155,177.986,0.469793,171.842,171.202,198.79,198.693,198.819,198.757,198.723,198.748,198.979,198.461,198.565,203.174,203.926,202.421,204.077,192.717,195.647,193.967,191.63,189.239,186.161,192.132,195.517,188.294,188.015,33.3873,176.869,169.488,171.634,180.046,183.27,201.75,199.227,199.252,199.33,199.354,199.358,201.898,202.391,203.164,202.651,201.682,199.509,199.573,198.656,202.266,202.28,202.23,202.24,202.265,202.107,202.565,202.732,202.611,202.398,203.038,202.897,203.315,202.418,202.901,202.756,199.283,199.665,201.181,201.153,200.934,200.981,201.758,202.017,201.888,186.782,195.553,180.357,137.75,199.338,199.079,199.377,199.306,199.295,202.704,202.375,200.924,201.495,199.81,200.88,195.625,176.861,180.169,196.411,196.708,196.338,100.535,168.382,169.071,198.663,198.765,198.602,198.578,198.519,198.673,198.389,198.721,198.456,198.547,198.436,198.514,203.136,202.605,203.828,202.563,195.721,202.685,202.701,202.51,195.001,193.504,197.303,189.617,195.197,197.222,192.888,185.885,195.457,185.448,108,172.589,168.938,169.892,176.809,179.068,201.551,201.598,199.34,201.997,201.98,201.855,202.731,202.029,202.17,202.478,201.985,199.817,200.427,200.05,201.474,201.551,199.485,199.597,199.57,199.596,198.785,202.27,202.274,202.194,202.042,202.455,201.574,202.325,202.769,199.64,199.701,199.727,201.134,201.127,200.331,200.121,200.877,200.586,201.596,201.904,201.774,198.859,197.946,196.564,193.23,195.594,195.656,195.538,196.018,179.739,192.447,196.962,198.126,198.107,196.063,198.848,199.206,196.384,199.291,199.373,199.661,199.599,199.686,198.432,199.145,202.221,202.25,201.114,201.346,200.914,199.53,199.814,200.323,198.959,191.704,191.743,195.575,181.631,195.843,196.547,196.648,195.769,196.506,196.309,196.047,176.681,172.917,145.576,165.205,167.067,198.648,198.428,198.459,198.418,198.546,198.404,198.349,198.48,198.433,198.422,198.621,198.319,198.36,197.248,197.547,198.656,198.526,202.569,197.165,197.323,200.712,200.939,202.638,202.409,202.47,201.804,199.534,198.428,200.559,195.611,192.496,194.826,187.793,192.919,187.865,167.902,192.401,192.035,191.756,201.48,201.4,201.569,198.638,199.342,201.628,201.344,201.957,199.739,199.814,199.834,199.927,199.927,199.996,200.423,201.244,201.26,199.547,198.872,202.235,202.185,202.201,202.025,202.083,201.162,201.247,201.087,201.377,200.815,199.694,200.947,201.07,201.297,200.924,200.314,199.95,200.545,201.355,200.808,198.016,198.501,197.884,196.981,195.396,192.444,197.165,196.9,198.11,197.405,198.62,199.158,197.223,198.053,198.066,197.716,199.214,199.644,196.906,198.1,198.368,198.871,201.1,199.562,191.601,194.71,191.671,196.484,196.128,196.099,196.265,195.982,193.303,191.721,164.469,198.414,198.358,198.189,198.313,198.044,197.195,195.65,197.087,194.887,198.524,201.671,198.654,199.169,201.055,199.447,200.261,200.329,200.725,198.592,202.221,201.867,200.209,201.956,201.451,200.312,199.433,194.842,198.135,199.855,195.041,190.339,190.767,191.577,201.55,201.494,201.526,198.767,198.755,199.335,200.3,201.107,200.674,200.944,200.227,200.343,200.343,199.906,199.823,200.633,199.125,201.902,200.492,200.939,200.674,201.041,200.215,199.774,200.127,200.726,200.092,200.487,200.619,199.941,197.793,195.731,197.663,197.286,197.195,198.029,197.734,198.464,198.054,198.607,199.991,199.196,199.782,191.955,196.07,196.005,195.92,196.005,194.3,182.767,195.76,198.259,197.214,195.477,197.233,196.228,201.444,199.711,201.322,199.897,200.598,199.354,202.132,201.234,200.777,200.55,198.446,200.942,197.952,198.308,196.679,192.678,191.416,201.414,201.491,199.864,198.803,198.802,199.977,200.197,200.338,199.923,199.618,200.715,200.063,200.289,200.484,199.911,197.383,197.775,198.83,199.648,195.7,197.574,196.218,201.131,201.377,200.744,201.818,201.203,201.041,199.802,201.063,199.531,200.578,197.231,197.924,196.085,201.271,201.393,201.206,201.125,201.236,200.847,200.167,200.196,200.166,200.22,199.866,200.27,199.914,197.879,198.753,197.522,197.622,197.753,201.301,200.428,201.071,201.013,199.15,200.071,200.339,197.572,201.035,200.865,200.885,201.115,200.716,200.767,200.205,200.251,200.005,198.296,197.725,201.388,200.264,201.066,199.964,200.036,199.557,201.543,199.784,200.935,200.879,200.549,200.265,200.158,198.783,199.241,200.963,201.31,201.574,199.956,201.009,200.883,200.152,199.833,200.014,199.591,201.513,199.669,200.314,201.095,200.954,201.028,201.024,200.598,200.294,200.233,200.314,201.223,201.28,201.408,201.534,200.875,200.296,200.033,201.174,201.427,201.336,200.712,201.032,201.04,201.127,201.262,201.124,201.062,200.378,201.466,201.188,201.495,200.8,201.327,203.043,201.09,201.117,200.871,201.596,201.768,202.049,201.387,201.269,201.611,203.039,202.088,201.743,202.063,202.119,201.829,202.233,202.927,202.08,202.839,202.09,202.21,203.572,202.637,203.435,204.195,202.998,202.979,203.926,203.27,203.599,204.449,205.127,203.394,203.204,203.844,204.731,205.089,203.714,204.304,204.768,205.039,204.029,203.902,204.725,204.243,204.752,204.738,204.862,204.863,
RCM IEEE 32,199.138,199.126,203.912,199.077,198.977,203.752,203.171,202.923,203.913,174.15,198.961,199.154,198.81,198.809,198.832,198.98,198.993,204.172,196.012,190.176,188.857,182.814,169.96,182.828,199.154,199.066,199.329,203.182,199.544,198.602,202.807,203.101,202.929,203.688,202.618,199.654,184.877,202.146,176.245,173.143,177.974,0.469761,171.83,171.19,198.777,198.679,198.806,198.743,198.709,198.734,198.965,198.447,198.551,203.16,203.912,202.408,204.063,192.704,195.633,193.954,191.617,189.226,186.147,192.119,195.504,188.281,188.002,33.385,176.857,169.476,171.622,180.034,183.258,201.736,199.213,199.239,199.317,199.34,199.344,201.884,202.377,203.15,202.637,201.667,199.495,199.559,198.642,202.252,202.266,202.216,202.226,202.251,202.093,202.551,202.717,202.597,202.384,203.024,202.883,203.301,202.404,202.887,202.743,199.269,199.651,201.167,201.139,200.92,200.967,201.744,202.003,201.874,186.769,195.539,180.344,137.741,199.324,199.066,199.364,199.292,199.282,202.69,202.361,200.911,201.481,199.797,200.867,195.611,176.848,180.156,196.398,196.694,196.324,100.528,168.37,169.06,198.649,198.751,198.588,198.565,198.505,198.659,198.375,198.708,198.442,198.533,198.423,198.5,203.122,202.591,203.814,202.549,195.707,202.671,202.687,202.496,194.988,193.49,197.29,189.604,195.184,197.209,192.875,185.872,195.444,185.435,107.992,172.578,168.926,169.881,176.797,179.056,201.537,201.584,199.326,201.983,201.966,201.84,202.717,202.015,202.156,202.464,201.971,199.803,200.413,200.036,201.46,201.536,199.471,199.583,199.556,199.583,198.771,202.256,202.26,202.181,202.028,202.441,201.56,202.311,202.755,199.626,199.687,199.713,201.12,201.112,200.318,200.107,200.864,200.573,201.581,201.89,201.76,198.845,197.933,196.551,193.217,195.58,195.642,195.525,196.004,179.726,192.434,196.949,198.112,198.093,196.049,198.835,199.192,196.37,199.277,199.36,199.647,199.585,199.672,198.418,199.131,202.207,202.237,201.1,201.332,200.901,199.516,199.801,200.31,198.946,191.691,191.73,195.562,181.618,195.829,196.534,196.634,195.756,196.492,196.295,196.033,176.668,172.905,145.566,165.193,167.055,198.634,198.414,198.445,198.404,198.532,198.39,198.335,198.467,198.419,198.408,198.607,198.306,198.346,197.234,197.533,198.642,198.512,202.555,197.152,197.31,200.698,200.925,202.625,202.395,202.456,201.791,199.521,198.414,200.545,195.598,192.482,194.812,187.779,192.906,187.852,167.89,192.388,192.022,191.743,201.466,201.386,201.555,198.624,199.328,201.614,201.33,201.942,199.725,199.8,199.819,199.913,199.912,199.981,200.408,201.23,201.246,199.533,198.858,202.221,202.171,202.187,202.011,202.068,201.147,201.233,201.073,201.363,200.801,199.68,200.933,201.056,201.283,200.91,200.3,199.936,200.531,201.341,200.794,198.002,198.487,197.87,196.968,195.382,192.43,197.151,196.886,198.096,197.391,198.607,199.145,197.21,198.039,198.052,197.702,199.2,199.629,196.892,198.086,198.354,198.857,201.086,199.548,191.587,194.696,191.657,196.47,196.114,196.085,196.251,195.967,193.289,191.708,164.458,198.4,198.344,198.175,198.299,198.031,197.181,195.636,197.073,194.874,198.51,201.658,198.64,199.155,201.041,199.433,200.247,200.315,200.711,198.578,202.207,201.853,200.196,201.943,201.438,200.299,199.419,194.828,198.121,199.84,195.027,190.327,190.754,191.564,201.536,201.48,201.512,198.753,198.741,199.321,200.285,201.093,200.659,200.929,200.213,200.328,200.329,199.892,199.809,200.618,199.111,201.888,200.479,200.925,200.66,201.027,200.201,199.76,200.113,200.711,200.078,200.473,200.605,199.927,197.779,195.717,197.649,197.273,197.181,198.015,197.72,198.45,198.04,198.593,199.977,199.183,199.768,191.942,196.056,195.991,195.906,195.991,194.286,182.754,195.746,198.245,197.2,195.463,197.219,196.214,201.43,199.698,201.309,199.884,200.584,199.339,202.118,201.22,200.763,200.536,198.433,200.929,197.939,198.294,196.665,192.665,191.403,201.4,201.477,199.85,198.789,198.788,199.963,200.183,200.324,199.909,199.604,200.701,200.049,200.275,200.471,199.897,197.37,197.761,198.816,199.633,195.686,197.56,196.205,201.117,201.364,200.73,201.805,201.189,201.028,199.788,201.049,199.517,200.564,197.217,197.91,196.071,201.257,201.38,201.192,201.111,201.222,200.833,200.154,200.183,200.152,200.206,199.852,200.255,199.899,197.865,198.739,197.508,197.608,197.739,201.287,200.414,201.057,201,199.136,200.057,200.326,197.558,201.021,200.851,200.871,201.101,200.702,200.753,200.192,200.238,199.991,198.282,197.711,201.374,200.25,201.052,199.95,200.022,199.544,201.529,199.77,200.921,200.865,200.535,200.251,200.144,198.768,199.227,200.949,201.296,201.559,199.942,200.995,200.869,200.138,199.819,200,199.577,201.499,199.655,200.299,201.08,200.941,201.013,201.01,200.584,200.281,200.219,200.3,201.209,201.266,201.394,201.52,200.861,200.282,200.019,201.16,201.413,201.322,200.698,201.018,201.025,201.113,201.247,201.11,201.048,200.364,201.453,201.174,201.481,200.786,201.313,203.028,201.076,201.103,200.857,201.582,201.755,202.035,201.373,201.255,201.597,203.023,202.073,201.729,202.049,202.105,201.815,202.219,202.914,202.066,202.824,202.077,202.196,203.558,202.623,203.421,204.181,202.984,202.965,203.912,203.255,203.585,204.434,205.112,203.38,203.19,203.829,204.716,205.074,203.699,204.29,204.753,205.024,204.014,203.887,204.711,204.229,204.737,204.723,204.847,204.847,
RCM BFloat16,318,330,274,322,318,286,284,272,290,268,312,302,304,308,318,316,312,288,282,270,264,262,260,270,298,312,298,276,272,268,270,280,274,278,276,262,260,282,262,260,274,0.8125,256,262,264,262,314,298,302,306,322,316,264,286,286,276,290,266,272,262,264,266,264,258,276,268,262,63.75,258,258,264,266,260,280,298,312,300,314,292,278,268,262,270,270,264,272,266,268,280,272,272,272,276,264,262,276,276,278,286,280,276,280,274,266,270,272,266,280,274,274,280,282,262,262,262,226,268,284,276,268,280,292,292,270,276,264,272,274,260,278,266,274,272,150,258,266,276,260,264,266,262,262,262,322,304,318,316,266,290,282,290,288,276,288,312,290,270,268,262,264,262,264,266,260,296,260,147,258,258,258,262,256,282,284,294,266,266,276,264,272,278,292,286,266,264,262,268,274,268,272,264,270,262,284,276,272,270,266,272,278,282,268,266,266,272,270,272,284,270,278,276,278,270,298,300,294,268,266,262,270,280,262,262,264,282,278,276,270,260,282,280,268,266,268,274,278,274,288,296,268,274,272,262,268,266,264,266,260,268,272,268,270,268,270,266,284,276,266,260,256,262,260,262,258,264,266,266,262,260,304,310,300,320,306,310,288,270,268,264,284,272,294,314,326,292,270,280,276,282,264,302,270,266,270,266,274,268,258,258,264,258,276,282,280,316,280,270,276,270,262,262,266,266,260,260,280,262,266,264,264,280,286,270,278,278,270,272,268,280,266,266,266,266,272,280,268,266,262,276,284,278,292,292,294,272,266,270,264,276,274,262,260,286,284,278,270,268,268,262,260,260,282,270,266,260,264,262,266,266,264,260,264,266,264,260,260,258,258,308,304,286,274,290,268,262,278,274,286,320,294,310,314,314,306,306,284,286,270,290,276,264,262,294,316,270,264,264,264,280,280,276,320,318,278,264,268,278,270,266,268,266,262,264,264,260,282,274,274,282,274,266,268,268,272,266,270,276,266,288,268,274,270,272,294,276,270,274,276,270,270,266,262,262,262,260,262,262,262,260,260,280,268,266,266,282,292,308,300,318,306,312,288,288,268,268,282,300,300,278,268,260,278,278,268,314,322,276,272,262,262,262,272,262,266,270,272,272,270,262,264,266,266,272,274,274,294,310,296,288,296,292,274,276,284,274,272,276,276,282,274,276,266,276,280,276,270,264,272,270,272,266,262,272,270,278,274,274,294,284,280,272,280,282,268,276,276,270,272,274,280,270,272,272,288,264,282,282,272,274,270,274,272,270,270,270,274,266,272,274,288,272,274,278,270,280,278,268,268,276,272,276,270,290,274,280,270,272,272,268,274,274,282,274,268,274,278,270,268,276,278,278,270,272,274,272,280,278,278,274,276,274,270,264,282,276,278,276,276,278,278,278,274,262,270,276,280,282,276,286,262,266,262,276,274,266,266,262,262,268,276,264,262,266,260,256,268,270,262,260,256,274,258,258,258,264,268,256,264,258,260,262,260,
RCM 64A BFloat16,129,133,144,132,133,142,143,148,143,128,129,129,129,128,130,133,134,141,154,128,130,128,127.5,129,128,130,128,134,134,131,139,143,145,137,142,131,131,153,128,128,128,0.423828,128,128,136,133,131,129,132,130,134,129,129,147,151,149,143,129,141,136,137,133,128,128,141,138,132,30,128,117.5,127,128,130,144,129,129,128,128,129,133,133,133,141,130,141,141,130,137,143,140,137,132,141,134,136,135,137,131,149,135,143,141,139,129,130,146,136,135,141,130,148,137,136,139,131,110,134,130,135,134,140,135,143,150,145,150,149,131,128,128,128,135,134,74.5,126.5,128,144,135,136,137,136,132,136,131,128,130,129,131,150,140,145,146,134,144,149,151,146,131,140,128,138,146,139,128,133,128,72,129,120.5,124.5,128,131,137,139,129,140,136,134,138,136,137,140,142,136,140,135,135,138,136,138,137,132,129,135,132,142,138,135,138,139,145,133,131,130,143,138,129,138,144,142,134,141,143,137,141,134,130,128,139,141,136,129,134,128,133,137,138,133,137,137,140,140,132,143,133,139,134,137,150,143,138,144,141,153,160,142,129,128,128,131,128,132,130,129,133,132,131,128,128,109.5,124,122.5,130,137,131,141,130,137,132,129,130,130,129,129,128,130,131,131,129,142,131,136,134,138,143,139,142,152,144,134,153,140,131,144,129,133,129,114.5,129,128,128,139,137,139,129,128,134,133,134,133,131,131,130,133,130,132,129,130,129,130,132,132,141,134,132,133,140,131,134,128,129,135,137,137,133,131,131,129,129,132,133,133,135,134,128,130,128,128,135,132,141,137,128,132,133,130,135,130,128,130,131,136,140,148,128,128,129,132,130,129,128,128,129,128,123.5,129,129,129,128,129,128,129,128,129,129,139,135,132,134,131,135,135,134,130,136,138,132,133,138,141,128,134,129,134,139,129,128,128,137,133,135,129,129,128,130,134,130,131,130,128,131,130,130,130,132,133,132,131,131,130,130,128,129,129,130,133,129,129,132,137,129,129,129,137,129,131,139,130,132,135,131,130,129,130,129,128,128,129,129,130,130,128,133,128,138,138,137,135,136,141,137,134,141,144,130,136,132,132,135,130,128,132,133,131,129,130,129,129,131,132,129,131,130,129,133,134,131,132,130,130,128,128,131,137,132,137,137,135,136,135,136,133,132,130,130,131,134,132,135,131,132,134,130,129,131,128,131,130,131,130,129,128,130,129,136,132,132,133,132,136,133,130,133,131,136,132,130,132,128,130,130,128,130,131,133,132,132,131,131,137,133,133,133,129,128,128,130,130,130,130,136,131,135,131,131,129,132,131,135,132,134,133,133,132,132,131,130,130,129,132,131,133,130,130,133,131,134,132,130,133,132,130,133,135,132,130,129,133,133,132,134,132,132,132,130,132,131,131,132,131,134,134,133,132,131,132,134,133,131,136,137,134,134,132,138,134,135,133,134,135,136,135,136,136,142,135,134,137,141,144,137,138,139,144,140,138,139,142,140,140,144,144,
RCM 64A IEEE 32 IC,199.152,199.14,203.925,199.091,198.992,203.766,203.185,202.937,203.927,174.162,198.975,199.168,198.824,198.824,198.846,198.993,199.006,204.186,196.025,190.188,188.871,182.826,169.972,182.84,199.168,199.08,199.343,203.196,199.558,198.616,202.821,203.115,202.942,203.702,202.632,199.668,184.89,202.16,176.257,173.155,177.986,0.469794,171.842,171.202,198.79,198.693,198.819,198.757,198.723,198.748,198.979,198.461,198.565,203.174,203.926,202.421,204.077,192.717,195.647,193.967,191.63,189.239,186.161,192.132,195.518,188.294,188.015,33.3873,176.869,169.488,171.634,180.046,183.27,201.75,199.227,199.253,199.331,199.354,199.358,201.898,202.391,203.164,202.651,201.682,199.509,199.573,198.656,202.266,202.28,202.23,202.24,202.265,202.107,202.565,202.732,202.611,202.398,203.038,202.897,203.315,202.418,202.901,202.756,199.283,199.665,201.181,201.153,200.934,200.981,201.758,202.017,201.889,186.782,195.553,180.357,137.75,199.338,199.079,199.378,199.306,199.296,202.704,202.375,200.925,201.495,199.811,200.88,195.625,176.861,180.169,196.412,196.708,196.338,100.535,168.382,169.072,198.663,198.766,198.602,198.578,198.519,198.673,198.389,198.721,198.456,198.547,198.436,198.514,203.136,202.605,203.829,202.563,195.721,202.685,202.701,202.51,195.001,193.504,197.303,189.617,195.198,197.222,192.888,185.885,195.457,185.448,108,172.589,168.939,169.893,176.809,179.068,201.551,201.598,199.34,201.997,201.98,201.855,202.731,202.029,202.17,202.478,201.985,199.817,200.427,200.05,201.474,201.551,199.485,199.597,199.57,199.597,198.785,202.27,202.274,202.195,202.042,202.455,201.574,202.325,202.769,199.64,199.701,199.727,201.135,201.127,200.331,200.122,200.878,200.586,201.595,201.905,201.774,198.859,197.946,196.565,193.23,195.594,195.656,195.538,196.018,179.739,192.447,196.962,198.126,198.108,196.063,198.848,199.206,196.383,199.291,199.374,199.661,199.599,199.686,198.432,199.145,202.221,202.251,201.115,201.346,200.915,199.53,199.815,200.324,198.959,191.705,191.743,195.576,181.63,195.843,196.547,196.648,195.769,196.506,196.31,196.047,176.681,172.917,145.576,165.205,167.067,198.648,198.429,198.46,198.418,198.546,198.404,198.349,198.48,198.433,198.422,198.621,198.319,198.36,197.248,197.547,198.656,198.526,202.57,197.165,197.323,200.712,200.939,202.638,202.409,202.47,201.805,199.534,198.428,200.559,195.612,192.496,194.826,187.793,192.919,187.865,167.902,192.402,192.035,191.756,201.481,201.4,201.569,198.638,199.342,201.629,201.344,201.957,199.739,199.814,199.833,199.927,199.927,199.995,200.423,201.244,201.26,199.546,198.872,202.235,202.185,202.201,202.025,202.083,201.161,201.248,201.087,201.377,200.815,199.695,200.947,201.07,201.297,200.924,200.314,199.95,200.545,201.355,200.808,198.016,198.501,197.884,196.982,195.396,192.443,197.165,196.9,198.11,197.406,198.621,199.158,197.224,198.053,198.066,197.716,199.214,199.644,196.906,198.1,198.368,198.872,201.1,199.562,191.601,194.71,191.672,196.484,196.128,196.099,196.265,195.982,193.303,191.721,164.469,198.414,198.358,198.19,198.313,198.044,197.195,195.65,197.087,194.888,198.524,201.672,198.654,199.169,201.054,199.447,200.261,200.329,200.725,198.591,202.221,201.867,200.209,201.957,201.452,200.313,199.433,194.842,198.135,199.854,195.04,190.339,190.767,191.577,201.55,201.494,201.527,198.767,198.755,199.335,200.3,201.107,200.674,200.944,200.227,200.343,200.343,199.907,199.823,200.633,199.125,201.902,200.493,200.939,200.675,201.042,200.215,199.774,200.127,200.726,200.092,200.487,200.619,199.941,197.793,195.731,197.663,197.287,197.195,198.029,197.734,198.464,198.054,198.607,199.991,199.196,199.782,191.955,196.07,196.005,195.92,196.005,194.3,182.767,195.76,198.259,197.214,195.477,197.233,196.228,201.445,199.711,201.322,199.897,200.598,199.353,202.132,201.234,200.777,200.55,198.446,200.943,197.952,198.308,196.679,192.678,191.416,201.414,201.492,199.864,198.804,198.802,199.978,200.197,200.338,199.923,199.618,200.715,200.063,200.289,200.485,199.911,197.384,197.776,198.83,199.648,195.7,197.574,196.218,201.131,201.378,200.744,201.818,201.204,201.041,199.802,201.063,199.531,200.578,197.231,197.924,196.085,201.271,201.394,201.206,201.126,201.236,200.847,200.168,200.196,200.166,200.221,199.865,200.27,199.914,197.879,198.753,197.522,197.623,197.753,201.301,200.428,201.071,201.013,199.15,200.071,200.339,197.572,201.035,200.865,200.885,201.115,200.716,200.767,200.206,200.251,200.005,198.296,197.725,201.388,200.264,201.066,199.964,200.037,199.558,201.544,199.784,200.936,200.879,200.549,200.265,200.158,198.783,199.241,200.964,201.31,201.574,199.956,201.01,200.884,200.152,199.834,200.014,199.591,201.514,199.669,200.314,201.095,200.955,201.028,201.024,200.598,200.294,200.234,200.315,201.223,201.28,201.409,201.534,200.875,200.296,200.034,201.174,201.428,201.337,200.712,201.033,201.04,201.128,201.262,201.124,201.063,200.379,201.466,201.188,201.496,200.8,201.327,203.043,201.09,201.118,200.872,201.596,201.769,202.05,201.388,201.269,201.611,203.039,202.088,201.743,202.064,202.119,201.829,202.234,202.928,202.08,202.839,202.091,202.211,203.573,202.638,203.436,204.196,202.999,202.98,203.927,203.27,203.6,204.45,205.128,203.394,203.204,203.845,204.732,205.09,203.715,204.306,204.77,205.04,204.03,203.902,204.727,204.244,204.753,204.739,204.863,204.864,

